-- phpMyAdmin SQL Dump
-- version 3.4.11.1deb1
-- http://www.phpmyadmin.net
--
-- Host: localhost
-- Generation Time: Nov 20, 2012 at 02:58 AM
-- Server version: 5.5.28
-- PHP Version: 5.4.6-1ubuntu1

SET SQL_MODE="NO_AUTO_VALUE_ON_ZERO";
SET time_zone = "+00:00";


/*!40101 SET @OLD_CHARACTER_SET_CLIENT=@@CHARACTER_SET_CLIENT */;
/*!40101 SET @OLD_CHARACTER_SET_RESULTS=@@CHARACTER_SET_RESULTS */;
/*!40101 SET @OLD_COLLATION_CONNECTION=@@COLLATION_CONNECTION */;
/*!40101 SET NAMES utf8 */;

--
-- Database: `webkmb3`
--

--
-- Dumping data for table `tbl_bb`
--

INSERT IGNORE INTO `tbl_bb` (`ID`, `bulan`, `tahun`, `tema`, `link_cover`, `link_download`) VALUES
(16, 'November', 2002, 'News', 'November 2002.jpg', 'November 2002.pdf'),
(15, 'April', 2002, 'Inspiration', 'April 2002.jpg', 'April 2002.pdf'),
(14, 'Februari', 2002, 'Happy Chinese New Year', 'Februari 2002.jpg', 'Februari 2002.pdf'),
(13, 'September', 2001, 'Special Edition', 'September 2001.jpg', 'September 2001.pdf'),
(11, 'November', 2000, 'Knowledge', 'November 2000.jpg', 'November 2000.pdf'),
(12, 'Mei', 2001, 'Meditation', 'Mei 2001.jpg', 'Mei 2001.pdf'),
(10, 'Februari', 2000, 'Happy Chinese New Year', 'Februari2000.jpg', 'Februari2000.pdf'),
(17, 'Februari', 2003, 'Lord Of The Ring', 'Februari 2003.jpg', 'Februari 2003.pdf'),
(18, 'Maret', 2003, 'Concept Art', 'Maret 2003.jpg', 'Maret 2003.pdf'),
(19, 'April', 2003, 'Metta', 'April 2003.jpg', 'April 2003.pdf'),
(20, 'September', 2003, 'X-vision', 'September 2003.jpg', 'September 2003.pdf'),
(21, 'November', 2003, 'Game', 'November 2003.jpg', 'November 2003.pdf'),
(22, 'Februari', 2004, 'Karuna', 'Februari 2004.jpg', 'Februari 2004.pdf'),
(23, 'Maret', 2004, 'Future', 'Maret 2004.jpg', 'Maret 2003.pdf'),
(24, 'Mei', 2004, 'About KMB', 'Mei 2004.jpg', 'Mei 2004.pdf'),
(25, 'September', 2004, 'A Drop Of Wisdom', 'September 2004.jpg', 'September 2004.pdf'),
(26, 'Oktober', 2004, 'Ultah KMB', 'October 2004.jpg', 'Oktober 2004.pdf'),
(27, 'Desember', 2004, 'Khanti Dan Seks', 'Desember 2004.jpg', 'Desember 2004.pdf'),
(28, 'Februari', 2005, 'Valentine', 'Februari 2005.jpg', 'Februari 2005.pdf'),
(29, 'September', 2005, 'Family', 'September 2005.jpg', 'September 2005.pdf'),
(30, 'Desember', 2005, 'Happiness', 'Desember 2005.jpg', 'Desember 2005.pdf'),
(31, 'Februari', 2006, 'Valentine And Chinese New Year', 'Februari 2006.jpg', 'Februari 2006.pdf'),
(32, 'Mei', 2006, 'Waisak', 'Mei 2006.jpg', 'Mei 2006.pdf'),
(33, 'November', 2006, 'Thanks Giving', 'November 2006.jpg', 'November 2006.pdf'),
(34, 'Oktober', 2007, 'Holiday', 'Oktober 2007.jpg', 'Oktober 2007.pdf'),
(35, 'Desember', 2007, 'Super Hero', 'Desember 2007.jpg', 'Desember 2007.pdf'),
(36, 'Juni', 2008, 'Borobudur', 'Juni 2008.jpg', 'Juni 2008.pdf'),
(37, 'September', 2008, 'Buddhism', 'September 2008.jpg', 'September 2008.pdf'),
(39, 'Desember', 2008, 'Mother', 'Desember 2008.jpg', 'Desember 2008.pdf'),
(40, 'Februari', 2009, 'Time', 'Februari2009.jpg', 'Februari 2009.pdf'),
(41, 'Mei', 2009, 'Waisak', 'Mei2009.png', 'Mei2009.pdf'),
(42, 'September', 2009, 'Merah Putih', 'September2009.png', 'September2009.pdf'),
(43, 'Mei', 2010, 'Holiday', 'Mei2010.png', 'Mei2009.pdf'),
(44, 'September', 2010, 'Buddhism and Music', 'September2010.png', 'September2010.pdf'),
(45, 'Oktober', 2010, 'Friendship', 'Oktober2010.png', 'Oktober.pdf'),
(46, 'Agustus', 2011, 'Colorful', 'Agustus2011.png', 'Agustus2011.pdf'),
(47, 'Mei', 2012, 'The Beginning', 'Mei 2012.jpg', 'Mei 2012.pdf'),
(48, 'September', 2012, 'Childhood', 'september2012.jpg', 'september2012.pdf');

--
-- Dumping data for table `tbl_comment`
--

INSERT IGNORE INTO `tbl_comment` (`id`, `content`, `create_time`, `username`, `post_id`) VALUES
(68, 'pertamax gan mampang d web ^^', 1335077156, 'wilsonfonda', 7),
(69, 'wah2.. pertamax d curi,seandainya d raker bs pakai internet jg,w pasti jd pertamax.hehehe', 1335101658, 'darwinch', 7),
(70, 'yaaa... pertamax gw dicuri. ha3', 1335106039, 'xue93', 7),
(71, 'ahhh gagal pertamax T_T', 1335106059, 'aldrich888', 7),
(72, 'setidaknya pertamax 2011 deh hehehe', 1335106076, 'aldrich888', 7),
(73, 'teng tong ane kelima juga gapapa dah hahha. btw keren loh webnya hahah\r\n', 1335106094, 'Aad', 7),
(74, 'fuuuuuuuuuuuuuu aldrich double post!!!!! gw jadi di page 2 deh TT. tp gapapa lah pertamax di page 2 berarti wkwkw', 1335106138, 'Aad', 7),
(75, 'asal nulis aj lha gw mh ga usah pertamax\r\nwkwkwkw\r\nbagus win webnya ', 1335106811, 'Rintxx', 7),
(76, '2 comment lg menuju palindrome pertama.. hahaha ', 1335107255, 'ocvi1002', 7),
(77, 'Premium aja deh XD', 1335107674, 'Danny_Wong', 7),
(78, 'Saya main curang gan, jadi pertamax, haha, btw sepertinya bagusan kalau ordernya berdasarkan komen terbaru aja y?', 1335107909, 'dragoon20', 7),
(79, 'ikutan komen aja deh', 1335108295, 'frengky', 7),
(80, 'hahahaha..', 1335162326, 'tata', 7),
(81, 'haloooo.....:)', 1335189414, 'Lacondra', 7),
(82, 'eh eh admin, berandanya masih kosong tuh.kurang seru keknya di berandanya..ditambahin apa dong gt.hahaha..', 1335189498, 'Lacondra', 7),
(83, 'beh keren ', 1335192945, 'joe_dean', 7),
(84, ' ini untuk apo?', 1335193662, 'seeallover', 7),
(85, 'Nantinya akan digunakan sebagai media komunikasi KMB dan akan ditambah fitur2nya', 1335193767, 'dragoon20', 7),
(86, 'Tambahin KMB Lounge! Hehe', 1335230339, 'Niko_Ep', 7),
(87, 'tes tes tes \r\n1.... 2..... 3....', 1335277679, 'Wenwen', 7),
(88, 'Buat pake bhs inggris biar lbh bagus hahaha', 1335277725, 'Wenwen', 7),
(89, 'kita harus cinta Indonesia wen, haha', 1335282072, 'admin', 7),
(90, 'di berita tulis mengenai acara2 KMB dongsss..misal jumatan nanti ngapain aja, bla3..', 1335312985, 'Lacondra', 7),
(91, 'like this ! :)', 1335462387, 'ariefsutanto', 7),
(92, 'hauhauahu, komen pertama, eh bisa download bhadra bodhi juga loh di web ini\r\n\r\ntapi gede banget file nya bisakah kita baca bhadra bodhi nya tanpa harus di download???', 1335492450, 'egak', 7),
(93, 'bisa, tapi kalau baca biasa, sama dengan download juga', 1335494339, 'admin', 7),
(94, 'izin komen perdana donk :)', 1335519700, 'osmos3r', 7),
(95, 'akhirnya Andre Cuandra mendaftar diri pulak. haha !!!', 1335542987, 'andrecuandramesin08', 7),
(96, 'eh, kapan forum tempat nge-junk di resmikan ??? gak sabar nich', 1335543846, 'andrecuandramesin08', 7),
(97, 'sabar gan, fitur2 forum dalam development dan tampilan masih kurang, mungkin nanti pas liburan.', 1335546262, 'admin', 7),
(98, 'Pada jago olahraga ya angkatan baru KMB. mantap!', 1335582751, 'fungsidik', 9),
(99, 'ngerik euyyyy web nya hihihi\r\n', 1335609896, 'Woen2502', 7),
(100, 'wowowowowo, ada abang wely :p welcome back bung wely hahah', 1335666614, 'Aad', 7),
(101, 'wkwkwkkwkwk, ngeri lah pokoknya angkatan baru skrg hahah', 1335666659, 'Aad', 9),
(102, 'min2, bikin kayak forum ato wall gitu, biar bisa komen2 bagi cerita liburan hahaha', 1340356485, 'wilsonfonda', 7),
(103, 'PERTAMAX CUY !!!\r\nSALAM DARI LAND OF CHOCOLATE, BEER, FRIES, AND WAFFLE', 1348841609, 'andrecuandramesin08', 13),
(104, 'wah baru tau ada komen gituan', 1348841646, 'vinsonte', 9),
(105, 'ah cux oleh oleh lahh..', 1348844770, 'marefix750', 13),
(106, 'wow, nampaknya cuan sdg menikmati hidup disana.heheh', 1349086040, 'Aad', 13),
(107, 'Dapet cewek baru dak cuan? huahuahuah', 1349090243, 'egak', 13),
(108, 'cewek tula pikiran kw ga', 1349273989, 'Wenwen', 13),
(109, 'tim radite 09!!! bibibibibibibibibip!!!', 1350344777, 'marefix750', 16),
(110, 'bibibibibibibibip!!\r\n^ tim radite 09\r\nwkwkwk', 1351318981, 'ajojing', 16),
(111, 'tuh ajojing gw kira siapa, e si alay ternyata...', 1351334144, 'egak', 16);

--
-- Dumping data for table `tbl_event`
--

INSERT IGNORE INTO `tbl_event` (`ID`, `nama`, `tempat`, `waktu`, `jam`, `menit`) VALUES
(28, 'Temu Alumni KMB Dhammanano ITB', 'Vipassana Graha', '2012-10-26', 8, 0);

--
-- Dumping data for table `tbl_group`
--

INSERT IGNORE INTO `tbl_group` (`group_id`, `user_id`) VALUES
(1, 83);

--
-- Dumping data for table `tbl_group_name`
--

INSERT IGNORE INTO `tbl_group_name` (`id`, `nama`) VALUES
(1, 'Divisi Pengabdian Masyarakat');

--
-- Dumping data for table `tbl_lookup_fakultas`
--

INSERT IGNORE INTO `tbl_lookup_fakultas` (`id`, `name`, `code`, `position`) VALUES
(1, 'Fakultas Matematika dan Ilmu Pengetahuan Alam', 0, 1),
(2, 'Sekolah Ilmu dan Teknologi Hayati', 0, 2),
(3, 'Sekolah Farmasi', 0, 3),
(4, 'Fakultas Teknik Pertambangan dan Perminyakan', 0, 4),
(5, 'Fakultas Ilmu dan Teknologi Kebumian', 0, 5),
(6, 'Fakultas Teknologi Industri', 0, 6),
(7, 'Sekolah Teknik Elektro dan Informatika', 0, 7),
(8, 'Fakultas Teknik Mesin dan Dirgantara', 0, 8),
(9, 'Fakultas Teknik Sipil dan Lingkungan', 0, 9),
(10, 'Sekolah Arsitektur, Perencanaan dan Pengembangan Kebijakan', 0, 10),
(11, 'Fakultas Seni Rupa dan Desain', 0, 11),
(12, 'Sekolah Bisnis dan Manajemen', 0, 12);

--
-- Dumping data for table `tbl_lookup_jurusan`
--

INSERT IGNORE INTO `tbl_lookup_jurusan` (`id`, `parentname`, `name`, `code`, `position`) VALUES
(1, 'Fakultas Matematika dan Ilmu Pengetahuan Alam', 'Matematika', 0, 1),
(2, 'Fakultas Matematika dan Ilmu Pengetahuan Alam', 'Fisika', 0, 2),
(3, 'Fakultas Matematika dan Ilmu Pengetahuan Alam', 'Astronomi', 0, 3),
(4, 'Fakultas Matematika dan Ilmu Pengetahuan Alam', 'Kimia', 0, 4),
(5, 'Sekolah Ilmu dan Teknologi Hayati', 'Mikrobiologi', 0, 1),
(6, 'Sekolah Ilmu dan Teknologi Hayati', 'Biologi', 0, 2),
(7, 'Sekolah Ilmu dan Teknologi Hayati', 'Rekayasa Hayati', 0, 3),
(8, 'Sekolah Ilmu dan Teknologi Hayati', 'Rekayasa Pertanian', 0, 4),
(9, 'Sekolah Ilmu dan Teknologi Hayati', 'Rekayasa Kehutanan', 0, 5),
(10, 'Sekolah Farmasi', 'Sains dan Teknolgi Farmasi', 0, 1),
(11, 'Sekolah Farmasi', 'Farmasi Klinik dan Komunitas', 0, 2),
(12, 'Fakultas Teknik Pertambangan dan Perminyakan', 'Teknik Pertambangan', 0, 1),
(13, 'Fakultas Teknik Pertambangan dan Perminyakan', 'Teknik Perminyakan', 0, 2),
(14, 'Fakultas Teknik Pertambangan dan Perminyakan', 'Teknik Geofisika', 0, 3),
(15, 'Fakultas Teknik Pertambangan dan Perminyakan', 'Teknik Metalurgi', 0, 4),
(16, 'Fakultas Ilmu dan Teknologi Kebumian', 'Teknik Geologi', 0, 1),
(17, 'Fakultas Ilmu dan Teknologi Kebumian', 'Meteorologi', 0, 2),
(18, 'Fakultas Ilmu dan Teknologi Kebumian', 'Oseanografi', 0, 3),
(19, 'Fakultas Ilmu dan Teknologi Kebumian', 'Teknik Geodesi dan Geomatika', 0, 4),
(20, 'Fakultas Teknologi Industri', 'Teknik Kimia', 0, 1),
(21, 'Fakultas Teknologi Industri', 'Teknik Fisika', 0, 2),
(22, 'Fakultas Teknologi Industri', 'Teknik Industri', 0, 3),
(23, 'Fakultas Teknologi Industri', 'Manajemen Rekayasa Industri', 0, 4),
(24, 'Sekolah Teknik Elektro dan Informatika', 'Teknik Elektro', 0, 1),
(25, 'Sekolah Teknik Elektro dan Informatika', 'Teknik Informatika', 0, 2),
(26, 'Sekolah Teknik Elektro dan Informatika', 'Teknik Tenaga Listrik', 0, 3),
(27, 'Sekolah Teknik Elektro dan Informatika', 'Teknik Telekomunikasi', 0, 4),
(28, 'Sekolah Teknik Elektro dan Informatika', 'Sistem dan Teknologi Informasi', 0, 5),
(29, 'Fakultas Teknik Mesin dan Dirgantara', 'Teknik Mesin', 0, 1),
(30, 'Fakultas Teknik Mesin dan Dirgantara', 'Aeronotika dan Astronotika', 0, 2),
(31, 'Fakultas Teknik Mesin dan Dirgantara', 'Teknik Material', 0, 3),
(32, 'Fakultas Teknik Sipil dan Lingkungan', 'Teknik Sipil', 0, 1),
(33, 'Fakultas Teknik Sipil dan Lingkungan', 'Teknik Lingkungan', 0, 2),
(34, 'Fakultas Teknik Sipil dan Lingkungan', 'Teknik Kelautan', 0, 3),
(35, 'Sekolah Arsitektur, Perencanaan dan Pengembangan Kebijakan', 'Arsitektur', 0, 1),
(36, 'Sekolah Arsitektur, Perencanaan dan Pengembangan Kebijakan', 'Perencanaan Wilayah dan Kota', 0, 2),
(37, 'Fakultas Seni Rupa dan Desain', 'Seni Rupa', 0, 1),
(38, 'Fakultas Seni Rupa dan Desain', 'Kriya', 0, 2),
(39, 'Fakultas Seni Rupa dan Desain', 'Desain Interior', 0, 3),
(40, 'Fakultas Seni Rupa dan Desain', 'Desain Komunikasi Visual', 0, 4),
(41, 'Fakultas Seni Rupa dan Desain', 'Desain Produk', 0, 5),
(42, 'Sekolah Bisnis dan Manajemen', 'Manajemen', 0, 1);

--
-- Dumping data for table `tbl_post`
--

INSERT IGNORE INTO `tbl_post` (`id`, `title`, `content`, `create_time`, `update_time`, `author_id`) VALUES
(7, 'Terlahir Kembalinya kmb.unit.itb.ac.id', '<p>Dengan ini dinyatakan bahwa website KMB Dhamma&ntilde;ano ITB telah terlahir kembali.</p>', 1334724957, 1334724957, 1),
(8, 'Rapat Kerja KMB Dhammañano ITB', '<p class="MsoNormal" style="text-align: justify;">Rapat Kerja (Raker) KMB Dhamma&ntilde;ano ITB merupakan kegiatan tahunan KMB ITB. Biasanya, acara ini diadakan pada awal kepengurusan. Ya! Kan ketua baru kita baru naik (summon : Ega Varian Sumarliu). Rapat kerja kali ini diadakan pada tanggal 21 dan 22 April 2012. Tempatnya adalah di Villa Istana Bunga, Lembang. Sekitar 40-an massa KMB hadir dalam raker ini.</p>\r\n<p class="MsoNormal" style="text-align: justify;">Acara dimulai dari Sabtu (21/4) sore dengan diawali oleh kata sambutan dari Ketua KMB Dhamma&ntilde;ano ITB periode 2012/2013. Setelah itu, acara dilanjutkan dengan pembahasan proker, timeline, dan SOP dari tiap divisi. Karena terdapat cukup banyak divisi, yaitu 9 divisi, acara pun berlangsung hingga dini hari. Berbagai pertanyaan pun dilontarkan untuk tiap divisi.</p>\r\n<p class="MsoNormal" style="text-align: justify;">Keesokan harinya (22/4), dilaksanakan simulasi dari BPH KMB. Simulasi ini bernama &ldquo;Gold of Dessert King&rdquo;. Dalam simulasi ini, peserta dibagi ke dalam tiga kelompok. Objektif dari simulasi adalah tiap kelompok harus mengumpulkan emas sebanyak-banyaknya dalam waktu yang telah ditentukan. Esensi dari simulasi ini adalah dalam keberjalanan sebuah kepengurusan, sebuah divisi janganlah hanya fokus dalam pencapaian emas divisi tersebut. Apabila berjalan bersama dan saling berkomunikasi satu sama lain, pasti bisa mendapatkan emas yang lebih banyak.</p>\r\n<p class="MsoNormal" style="text-align: justify;">Semua peserta terlihat cukup puas dengan acara ini, ditambah lagi makanan yang disediakan cukup enak. Semoga raker ini bermanfaat bagi semua peserta yang ikut, dan juga bermanfaat untuk keberlangsungan KMB ke depannya.</p>', 1335459016, 1351185927, 15),
(9, 'Kaliyanamitta cup', '<p class="MsoNormal" style="margin-bottom: 10pt; text-indent: 35.45pt; text-align: justify;"><span style="font-size: 11.0pt; font-family: ''Calibri'',''sans-serif''; mso-ascii-theme-font: minor-latin; mso-hansi-theme-font: minor-latin; mso-bidi-theme-font: minor-latin;">Kaliyanamitta cup day 1 dilaksanakan tanggal 1 April 2012,minggu dr jam 12.00. tempatnya di Kampus Universitas Padjadjaran Jatinangor. Rencana berkumpul di sekre KMB pukul 10.30. Dikarenakan menunggu yang terlambat dan mengurus transport, baru sekitar pukul 11.40 kami berangkat menuju Jatinangor. Sampai di Kampus Unpad Jatinangor sekitar pukul 13.30 setelah sempat berputar-putar mencari lokasi. Setelah itu tim KMB ITB langsung bersiap-siap untuk bertanding cabang voli melawan KMB Maranatha. Pertandingan berlangsung sengit dengan set pertama untuk kemenangan KMB Maranatha. Dilanjutkan set kedua yang berhasil dimenangkan oleh KMB ITB. Begitu pula di set ketiga KMB ITB berhasil menang dan melaju ke babak selanjutnya. Sebelumnya adalah pertandingan antara KMB Unpad melawan KMB Unpar yang dimenangkan oleh KMB Unpad. Pada perebutan posisi ketiga dipertandingkan KMB Maranatha melawan KMB Unpar. KMB Maranatha unggul terlebih dahulu pada awal pertandingan. Keunggulan KMB Maranatha ternyata dapat dipertahankan sampai pada akhir pertandingan dan menempatkan KMB Maranatha pada urutan ketiga dan KMB Unpar pada urutan keempat. Pada babak final yang mempertemukan antara KMB ITB melawan KMB Unpad pertandingan berlangsung seru. Pada partai final ini KMB ITB berada di atas angin dengan berhasil merebut set pertama. Pertandingan berlanjut pada babak kedua, dengan permainan yang bagus dari KMB ITB akhirnya membawa KMB ITB memenangkan set kedua sekaligus menjadi juara pertama untuk cabang voli dan KMB Unpad pada peringkat kedua. Setelah itu ada main bebas.</span></p>\r\n<p class="MsoNormal" style="margin-bottom: 10pt; text-indent: 36pt; text-align: justify;"><span style="font-size: 11.0pt; font-family: ''Calibri'',''sans-serif''; mso-ascii-theme-font: minor-latin; mso-hansi-theme-font: minor-latin; mso-bidi-theme-font: minor-latin;">Selanjutnya adalah cabang basket 3 point shot dengan perwakilan dari masing-masing tim yaitu 4 orang dengan 3 laki-laki dan 1 perempuan. Walaupun dengan cuaca yang gerimis cabang basket 3 point shot ini tetap dilaksanakan. Kesempatan pertama diberikan kepada KMB Maranatha dan berhasil mencetak sebanyak total 14 poin. Total poin yang didapat KMB ITB adalah 17 poin dan sementara berada di puncak klasemen. Dilanjutkan oleh KMB Unpar yang berhasil mendapatkan 10 poin. Selanjutnya lemparan dilakukan oleh KMB Unpad dan berhasil mencetak 14 poin. Dengan perolehan 17 poin KMB ITB melaju sebagai peringkat pertama. KMB Maranatha dan KMB Unpad mendapatkan poin yang sama&nbsp; sehingga bersama-sama pada peringkat kedua, sementara KMB Unpar berada pada posisi terakhir. Kemudian adalah foto bersama semua peserta yang hadir.</span></p>\r\n<p class="MsoNormal" style="margin-bottom: 10pt; text-indent: 36pt; text-align: justify;"><span style="font-size: 11.0pt; font-family: ''Calibri'',''sans-serif''; mso-ascii-theme-font: minor-latin; mso-hansi-theme-font: minor-latin; mso-bidi-theme-font: minor-latin;">Kaliyanamitta cup day 2 dilaksanakan pada tanggal 15 april 2012 di GOR Cisitu. Berkumpul langsung di GOR Cisitu yang dikira mulainya pukul 12.00 pada awalnya, ternyata baru dimulai pukul 13.00. Sambil menunggu tim KMB ITB melakukan pemanasan terlebih dahulu dengan anggota yang telah hadir. Mendekati pukul 13.00 KMB Maranatha, Unpad, dan Unpar mulai berdatangan. Tanpa berlama &ndash; lama lagi pertandingan pun segera dimulai dengan pengambilan undian untuk menentukan lawan tanding. Pertandingan dilakukan dengan system turnamen. Setelah mengambil undian, ternyata KMB ITB berhadapan dengan KMB Unpar dan KMB Maranatha dengan KMB Unpad pada babak pertama. Pertandingan pertama berlangsung paralel tunggal putra dan tunggal putri. Ganda putra KMB ITB dapat menutup pertandingan dengan skor 21-12 dan 21-15. Ganda putri juga memenangkan pertandingan dengan skor 21-4 dan 21-5. KMB ITB berhasil melaju ke babak final dengan perolehan poin 4-0. Sementara pada pertemuan antara KMB Unpad dengan KMB Maranatha, KMB Maranatha mengungguli KMB Unpad dan melaju ke babak final melawan KMB ITB.</span></p>\r\n<p class="MsoNormal" style="margin-bottom: 10pt; text-indent: 35.45pt; text-align: justify;"><span style="font-size: 11.0pt; font-family: ''Calibri'',''sans-serif''; mso-ascii-theme-font: minor-latin; mso-hansi-theme-font: minor-latin; mso-bidi-theme-font: minor-latin;">Pada babak final pertemuan antara KMB ITB dengan KMB Maranatha dimulai . Pada nomor tunggal putri melaju mulus dengan kemanangan 21-4 dan 21-5 melawan KMB Maranatha. Sedangkan pada nomor tunggal putra dipaksa untuk main sampai rubber set dengan skor pada set pertama 21-12 dan 18-21 pada set kedua. Pada set ketiga stamina kedua pemain telah terkuras, tapi pada akhirnya KMB ITB merebut set ketiga ini dengan skor 21-11. Nomor yang dipertandingkan selanjutnya adalah ganda putra. Permainan kedua tim seimbang yang membuat skor selalu terpaut tipis satu sama lain, namun pada akhirnya pasangan ganda putra KMB ITB dapat memenangkan set pertama dengan skor 21-15. Dimulainya babak kedua dan hamper seluruh penonton yang hadir menonton partai ini. Pasangan ganda putra KMB ITB berjuang keras dan akhirnya dapat menuntaskan babak kedua dengan skor 21-18 yang sekaligus mengantar KMB ITB meraih peringkat 1 dalam cabang bulutangkis Kaliyanamitta Cup kali ini disusul dengan KMB Maranatha dengan peringkat 2. Pada partai KMB Unpar melawan KMB Unpad, KMB Unpad berhasil unggul atas KMB Unpar dan menempati peringkat 3. Pada klasemen Kaliyanamitta Cup 2012 KMB ITB sementara kokoh diperingkat pertama dengan perolehan total sementara 9 poin disusul KMB Maranatha dengan perolehan total sementara 5 poin, kemudian diikuti oleh KMB Unpad dengan perolehan total sementara 4 poin dan KMB Unpar pada peringkat terakhir dengan perolehan total sementara 1 poin.</span></p>', 1335460984, 1351185739, 13),
(10, 'Dhamma Talk', '<p class="MsoNormal" style="margin-bottom: 10pt; text-indent: 35.45pt; text-align: justify;"><span style="font-size: 11.0pt; font-family: ''Calibri'',''sans-serif''; mso-ascii-theme-font: minor-latin; mso-hansi-theme-font: minor-latin; mso-bidi-theme-font: minor-latin;">Pada tanggal 10 april 2012,hari selasa diadakan nya dhammaTalk yang berlokasi di TVST A,Pada DhammaTalk kali ini, tema yang dibawakan adalah mengenai desas &ndash; desus yang ada belakangan ini, yaitu &ldquo; Akhir Dunia Akhir Kehidupan&rdquo;. Apakah dunia akan kiamat?</span></p>\r\n<p class="MsoNormal" style="margin-bottom: 10pt; text-indent: 35.45pt; text-align: justify;"><span style="font-size: 11.0pt; font-family: ''Calibri'',''sans-serif''; mso-ascii-theme-font: minor-latin; mso-hansi-theme-font: minor-latin; mso-bidi-theme-font: minor-latin;">Dari tema yang telah diberikan, disini kita membahas mengenai : kaidah semesta yang tersiri dari hokum energy, hokum hereditas, hokum karma, hokum keteraturan alam batiniah dan hokum kodrat.</span></p>\r\n<p class="MsoNormal" style="margin-bottom: 10pt; text-indent: 35.45pt; text-align: justify;"><span style="font-size: 11.0pt; font-family: ''Calibri'',''sans-serif''; mso-ascii-theme-font: minor-latin; mso-hansi-theme-font: minor-latin; mso-bidi-theme-font: minor-latin;">Selain itu juga ada mengenai Asal Mula Kehidupan. Materi yang disampaikan lumayan banyak dan setelah berakhirnya pemberian materi juga ada sessi tanya jawab. Ada yang bertanya kenapa kita tidak bisa melihat masa lampau. Kita tidak bisa melihat masa lampau karena setiap hari kejadian di pikiran kita itu tak terbatas sehingga pikiran kita yang dulu &ndash; dulu sudah berada di paling bawah (ibarat buku). Pertanyaan menarik kedua, adakah cara bagi kita untuk menghindari dalil masa depan dan masa lalu? Jawabannya ada, yaitu berhenti melakukan keburukan, perbanyak lakukan kebaikan, sucikan hati dan pikiran. Dosa diatasi dengan sila, loba diatasi dengan berdana, moha diatasi dengan bermeditasi. <br /></span></p>\r\n<p class="MsoNormal" style="margin-bottom: 10pt; text-indent: 35.45pt; text-align: justify;"><span style="font-size: 11.0pt; font-family: ''Calibri'',''sans-serif''; mso-ascii-theme-font: minor-latin; mso-hansi-theme-font: minor-latin; mso-bidi-theme-font: minor-latin;">Dalam keasikan bertanya jawab, semakin terlihat bahwa antusias peserta lebih kea rah karma. Salah satu pertanyaan tentang karma adalah apakah karma itu adil? Kalau adil seseorang yang sudah mendapatkan karma buruk, contohnya terlahir di alam yang tidak ada dharma, bagaimana dia bisa membuat kebajikan? Karma itu adil. Selain itu setiap makhluk hidup memiliki timbunan&rdquo; karmanya sendiri dan juga kita harus melihat sebabnya. Kalau dilihat, orang&rdquo; yang berbuat karma buruk akan mendapatkan karma buruk, akan susah untuk berbuat baik dan terjerumus didalamnya. Akan tetapi, keajaiban mungkin terjadi, bila karma baik dari orang tersebut berbuah maka ia dapat terlepas dari belenggu penderitaan tersebut.</span></p>', 1335753230, 1351185417, 54),
(11, 'Jumatan bareng KMH', '<p class="MsoNormal" style="margin-bottom: 10pt; text-indent: 35.45pt; text-align: justify;"><span style="font-size: 11.0pt; font-family: ''Calibri'',''sans-serif''; mso-ascii-theme-font: minor-latin; mso-hansi-theme-font: minor-latin; mso-bidi-theme-font: minor-latin;">Pada hari Jumat, tanggal 27 April 2012, Divisi Acara ( DIVA ) KMB mengadakan jumatan untuk pertama kalinya untuk kepengurusan 2012-2013. Apa itu jumatan? Jumatan adalah acara rutin yang diadakan oleh divisi acara KMB untuk mengisi waktu luang anak-anak KMB pada saat jam jumatan, yaitu pada pukul 11.00 &ndash; 13.00 sekaligus ajang untuk mengakrabkan diri antar anggota KMB. Nah, untuk jumatan kemarin, divisi acara bekerja sama dengan divisi humas, mengadakan jumatan dengan unit agama lain, yaitu KMH (Keluarga Mahasiswa Hindu ). </span></p>\r\n<p class="MsoNormal" style="margin-bottom: 10pt; text-indent: 35.45pt; text-align: justify;"><span style="font-size: 11.0pt; font-family: ''Calibri'',''sans-serif''; mso-ascii-theme-font: minor-latin; mso-hansi-theme-font: minor-latin; mso-bidi-theme-font: minor-latin;">Acara dimulai dengan sharing antar unit agama. Acara ini bertujuan agar baik KMB ataupun KMH bisa saling mengenal satu sama lain. Sharing pertama dilakukan oleh ketua KMH dan kemudian dilanjutkan dengan sharing ketua KMB. Sharing ini lebih kepada apa saja yang dilakukan oleh KMB ataupun KMH pada satu tahun kepengurusan dan tentunya progam kerja apa saja yang ada di KMB ataupun KMH. acara sharing pun ditutup dengan sesi Tanya jawab oleh peserta jumatan.</span></p>\r\n<p class="MsoNormal" style="margin-bottom: 10pt; text-indent: 35.45pt; text-align: justify;"><span style="font-size: 11.0pt; font-family: ''Calibri'',''sans-serif''; mso-ascii-theme-font: minor-latin; mso-hansi-theme-font: minor-latin; mso-bidi-theme-font: minor-latin;">Acara pun dilanjutkan dengan games dari divisi acara KMB. Acara ini bertujuan untuk lebih mengakrabkan lagi antara KMB ataupun KMH. Games&nbsp; untuk jumatan ini mengambil tema &ldquo;treasure hunt&rdquo;.&nbsp; Jadi setiap kelompok diberikan clue-clue yang menggambarkan suatu tempat di ITB dan di setiap tempat tersebut terdapat games-games ringan untuk diselesaikan oleh peserta, sebelum mereka mendapatkan clue untuk ke tempat berikutnya. </span></p>\r\n<p class="MsoNormal" style="margin-bottom: 10pt; text-indent: 35.45pt; text-align: justify;"><span style="font-size: 11.0pt; font-family: ''Calibri'',''sans-serif''; mso-ascii-theme-font: minor-latin; mso-hansi-theme-font: minor-latin; mso-bidi-theme-font: minor-latin;">Setelah terbagi dalam 4 kelompok, setiap kelompok menuju ke tempat pemberhentian pertama, yaitu di tunnel. Di tunnel, setiap kelompok harus lolos dari games Tapak Bumi. . Jadi,dalam games ini, jumlah kaki dan tangan yang diminta oleh penjaga pos harus bisa dilakukan oleh kelompok-kelompok yang datang. Contohnya, jika dalam satu kelompok berisi 5 orang, maka ada 10 kaki dan 10 tangan. Jika penjaga pos meminta hanya ada 4 kaki dan 6 tangan di lantai, maka bagaimanapun caranya setiap kelompok harus bisa menaruh 4 kaki dan 6 tangan di lantai. Jika mereka tidak bisa memenuhi itu, maka kelompok tersebut dianggap gagal dan diberikan penalty sebanyak 5 menit. Games ini berjalan cukup seru karena ada anggota kelompok yang sampai harus diangkat oleh teman sekelompoknya agar tangan dan kakinya tidak menyentuh lantai.</span></p>\r\n<p class="MsoNormal" style="margin-bottom: 10pt; text-indent: 35.45pt; text-align: justify;"><span style="font-size: 11.0pt; font-family: ''Calibri'',''sans-serif''; mso-ascii-theme-font: minor-latin; mso-hansi-theme-font: minor-latin; mso-bidi-theme-font: minor-latin;">Tempat kedua adalah amphitheater di depan bank CIMB Niaga. Games di pos ini adalah menghabiskan sebotol softdrink, dengan menggunakan 4 sedotan yang dirangkai menjadi satu, pada awalnya dan kemudian bertambah seiring bergantinya anggota kelompok yang minum. Games ini mendapatkan protes dari para peserta karena dianggap keberhasilan games ini adalah 0% -&gt; tidak ada kelompok yang berhasil melakukannya, sehingga semua kelompok dikenakan penalty 3 menit. </span></p>\r\n<p class="MsoNormal" style="margin-bottom: 10pt; text-indent: 35.45pt; text-align: justify;"><span style="font-size: 11.0pt; font-family: ''Calibri'',''sans-serif''; mso-ascii-theme-font: minor-latin; mso-hansi-theme-font: minor-latin; mso-bidi-theme-font: minor-latin;">Tempat ketiga adalah selasar geodesi, atau yang lebih terkenal dengan peta ITB 1998. Disini, setiap peserta wajib mengalahkan penjaga pos dalam suit. Jika jumlah peserta dalam kelompok yang menang melebihi setengah n + 1, maka kelompok tersebut boleh melanjutkan ke pos selanjutnya. Games ini juga berjalan seru akibat gaya suit yang lucu dan adanya rekor panitia kalah 7-1 dari kelompok yang bermain. Akibat keterbatasan waktu, kelompok yang kalah hanya dipenalti 2 menit. </span></p>\r\n<p class="MsoNormal" style="margin-bottom: 10pt; text-indent: 35.45pt; text-align: justify;"><span style="font-size: 11.0pt; font-family: ''Calibri'',''sans-serif''; mso-ascii-theme-font: minor-latin; mso-hansi-theme-font: minor-latin; mso-bidi-theme-font: minor-latin;">Tempat terakhir adalah TVST 9023. Disini, kelompok diminta untuk mencari clue yang menunjukkan dimana tempat harta karun berada. Pada akhirnya, kelompok yang menang adalah kelompok 2 yang berhasil menemukan clue yang berada dibawah colokan listrik dan berhak atas &ldquo;treasure&rdquo; yang telah disiapkan panitia berupa snack. Jumatan pun ditutup setelah semua kelompok datang dan mengisi kuisoner.</span></p>\r\n<p class="MsoNormal" style="margin-bottom: 10pt; text-indent: 35.45pt; text-align: justify;"><span style="font-size: 11.0pt; font-family: ''Calibri'',''sans-serif''; mso-ascii-theme-font: minor-latin; mso-hansi-theme-font: minor-latin; mso-bidi-theme-font: minor-latin;">Semoga dengan adanya acara ini, keakraban yang terjalin antara KMB maupun KMH bisa semakin dekat lagi.</span></p>', 1335754561, 1351185332, 55),
(12, 'Nonton Bareng KMB', '<p style="text-align: justify; text-indent: 36.0pt;"><span style="font-size: small;">Pada Nonton Bareng kali ini film yang diputar adalah &ldquo;Deep Impact&rdquo;. Acara ini diadakan pada hari Senin, 7 Mei 2012 pada pukul 11.30 s/d 14.30 WIB yang bertempat di selasar labtek VI lt.2. Mengenai jumlah peserta yang hadir ada 14 orang. Kegiatan ini dilaksanakan untuk menghilangkan kejenuhan para anggota KMB sehabis ujian dan memperdekat hubungan antaranggota KMB serta menyajikan esensi Dhamma dengan cara yang menarik dan berbeda dari DhammaTalk.</span></p>\r\n<p style="text-align: justify; text-indent: 36.0pt;"><span style="font-size: small;">Kondisi ketika acara dimulai tenang dan santai dan juga bisa sambil makan popcorn. Film ini menceritakan bahwa adanya komet yang berukuran lebih besar dari Mount Everest yang sedang bergerak menuju bumi. Diperkirakan komet tersebut akan sampai dalam jangka waktu 1 tahun dan dampak yang ditimbulkan bisa dibilang sebuah &ldquo;Disastreous&rdquo;. Untuk mencegah hal itu, Presiden meminta suatu tim untuk menghancurkan komet tersebut sebelum dia jatuh ke bumi. Caranya yaitu dengan menggali lubang sedalam 100 feet dan memasukkan bom nuklir didalamnya. Namun sangat disayangkan rencana tersebut gagal. Tak dapat dipungkiri komet tersebut berhasil sampai ke bumi dan menghancurkan New York, Eropa dan bahkan Afrika. Pada akhirnya tim tersebut harus mengorbankan nyawa mereka untuk menolong semua makhluk hidup di bumi. &ldquo; Cities fall but they&rsquo;re rebuilt, Heroes die but they&rsquo;re remembered. Our Planet. Our Home &ldquo;.</span></p>', 1348218462, 1351221183, 1),
(13, 'Jumatan Champion', '<p style="text-align: justify; text-indent: 36.0pt;"><span style="font-family: ''times new roman'', times; font-size: small;">Pada tanggal 14 september 2012, Divisi Acara (Diva) mengadakan jumatan untuk yang pertama kalinya di tahun ajaran yang baru sekaligus menjadi jumatan kedua bagi Diva dalam kepengurusan KMB 2012/2013. Jumatan kali ini mengambil tema &ldquo;Championship&rdquo;. Bertempat di TVST A, jumatan 14 september kemarin dihadiri sebanyak 47 orang dari 2008-2012. </span></p>\r\n<p style="text-align: justify; text-indent: 36.0pt;"><span style="font-family: ''times new roman'', times; font-size: small;">Acara Jumatan ini pun dibuka dengan Namakara Gatha oleh MC. Setelah itu, MC langsung membagi peserta yang hadir kedalam empat kelompok. Lalu MC menjelaskan peraturan permainan. Setelah selesai dengan semua peraturan permainan, maka games pertama pun dimulai. Di games pertama, peserta diberikan kertas berwarna dan diminta untuk menempelkan kertas berwarna tersebut ke bagian tubuh manapun yang mereka inginkan. Setelah semua kertas warna tertempel, maka tugas dari masing masing kelompok adalah untuk menempelkan kertas berwarna yang mereka punya dengan kertas yang berwarna yang dimiliki oleh teman sekelompoknya. Games ini berlangsung sangat cepat karena setiap kelompok bisa langsung menempelkan kertas kertas berwarna tersebut dan menyebabkan Diva tidak bisa menentukan pemenang dari games ini. Pada akhirnya,&nbsp; Diva harus mengulang permainan untuk menemukan kelompok mana yang menjadi pemenang dari games ini. Pemenang dari games ini adalah kelompok 3.</span></p>\r\n<p style="text-align: justify; text-indent: 36.0pt;"><span style="font-family: ''times new roman'', times; font-size: small;">Games pun dilanjutkan dengan games kedua. Inti dari games ini adalah untuk mengoperkan bola pingpong dari bagian atas TVST A ke bagian paling bawah dari TVST A menggunakan kertas segitiga yang diberikan oleh panitia. Bola pingpong harus melalui setiap peserta di dalam kelompok. Semua kelompok akhirnya menggulung kertas segitiga tersebut menjadi bentuk kerucut, menaruh bola pingpong diatasnya dan saling mengoperkan bola tersebut sampai ke bagian bawah dari TVST A. pemenang dari games ini adalah kelompok 2. </span></p>\r\n<p style="text-align: justify; text-indent: 36.0pt;"><span style="font-family: ''times new roman'', times; font-size: small;">Games terakhir adalah memindahkan karet gelang menggunakan tusuk gigi. Games ini merupakan games yang paling seru diantara games-games sebelumnya karena tingkat kesulitannya yang lumayan tinggi. Setiap kelompok harus memindahkan karet gelang dari bawah ke atas. Games ini berakhir seri antara kelompok 2 dan 3 karena mereka sama sama berhasil memindahkan 5 buah karet gelang.</span></p>\r\n<p style="text-align: justify; text-indent: 36.0pt;"><span style="font-family: ''times new roman'', times; font-size: small;">Jumatan &ldquo;Championship&rdquo; akhirnya dimenangkan oleh kelompok 3. Acara pun dilanjutkan dengan pengumuman-pengumuman dan pembagian kusioner. Akhirnya pada pukul 12.10 Jumatan &ldquo;Championship&rdquo; pun ditutup dengan Namakara Gatha.</span></p>\r\n<p style="text-align: justify; text-indent: 36.0pt;"><span style="font-family: ''Goudy Old Style'',''serif'';"><span style="font-size: small; font-family: ''times new roman'', times;">&copy;divakmb2012</span></span></p>\r\n<p>&nbsp;</p>', 1348219288, 1351222038, 1),
(14, 'Makrab PPAB 2012', '<p style="text-align: justify;">Makrab PPAB 2012 berlangsung pada tanggal 14-16 September 2012 di Villa Pleasant Hill, Lembang. Para peserta mulai berkumpul di sekre pukul 16.00 dan berangkat ke villa makrab pukul 17.00an. Setelah sampai di tempat dan beres-beres, para peserta makan terlebih dahulu kemudian acara dilanjutkan dengan acara perkenalan dari KMB angkatan atas. Setelah itu, dilanjutkan dengan game dari DIVA. Nama game-nya sendiri adalah Mie Rafia, di mana para peserta saling bergandengan tangan terlebih dahulu, lalu berlomba-lomba memanjangkan tali tanpa boleh melepaskan ikatan tangan mereka. Ketika waktu menunjukkan pukul 21.30, peserta dimobilisasi ke lapangan untuk acara BBQ. Makanan yang disajikan antara lain sosis, jagung, sate ayam dan pisang. Acara BBQ pun diakhiri sekitar pukul 23.00, dan peserta dimobilisasi ke kamar masing-masing untuk tidur.</p>\r\n<p style="text-align: justify;">Makrab hari kedua diawali dengan acara senam pagi di lapangan. Para peserta diajak untuk meregangkan badan mereka dan ber-aerobik ria dengan panitia. Setelah itu, acara dilanjutkan dengan game Kingdom Air atau nama lainnya perang air. Para peserta dan juga angkatan atas saling melempar amunisi-amunisi air yang telah disiapkan dan disembunyikan sebelumnya. Setelah acara basah-basahan berakhir, semuanya pun pergi mandi dan sarapan. Acara selanjutnya adalah acara dari DKD dan dilanjutkan dengan sharing alumni. Peserta kemudian diberikan waktu untuk beristirahat dan makan siang. Sekitar pukul 14.00, para peserta kembali dimobilisasi ke lapangan untuk bermain games lagi. Untuk sore itu telah dibuat 3 jenis games (ada posnya masing-masing). Yang pertama adalah chicken leg, game di mana para peserta berusaha menjatuhkan lawannya dengan satu kaki diangkat. Game yang kedua adalah Photo Frame, di sini disediakan sebuah frame besar dan para peserta berebutan agar bias masuk ke dalam frame tersebut dan terfoto dengan wajah jelas di kamera. Yang terakhir adalah Amoeba Race,di sini peserta dibagi menjadi 2 lingkaran dengan 1 orang yang berperan sebagai inti sel. Lingkaran setelah inti sel disebut sitoplasma, dan lingkaran terluar adalah dinding sel. Mata semua peserta ditutup dengan slayer, kecuali yg berperan sebagai inti sel. Mereka berlomba-lomba mengumpulkan barang yang telah disebar oleh panitia sebelumnya dan yang berhasil mengumpulkan poin paling banyak yang menang.Setelah game, para peserta diberikan waktu mandi dan makan malam, lalu dibagi kelompok untuk jurit di Imah Seniman. Jurit kali ini dibagi menjadi 5 pos, yaitu pos alumni, pos 2008, pos 2009, pos 2010, dan pos 2011. Sekitar pukul 24.00 para peserta kembali ke villa dan bersiap-siap untuk acara dari BPH yaitu pemilihan ketua angkatan. Setelah itu, para peserta (baca: anak 2012) dimobilisasi ke lapangan untuk acara api ungun dan pelantikan. Setelah itu peserta diizinkan untuk beristirahat dan tidur.</p>\r\n<p style="text-align: justify;">Makrab hari ketiga, para peserta dibangunkan oleh morning call dari panitia dan dibagikan polling untuk nominasi-nominasi. Setelah sarapan, acara dilanjutkan dengan pengenalan divisi KMB yang dibawakan oleh Ko Ega dan para koor. Lalu anak 2012 menampilkan perform dari mereka yang berupa dance dan nyanyian yang sangat menghibur angkatan atas. Acara dilanjutkan dengan makan siang dan pembacaan nominasi-nominasi hasil polling sebelumnya. Setelah pembagian nominasi berakhir, acara dilanjutkan dengan pemutaran video mengenai rangkaian acara PPAB dari Pubdok. Lalu para peserta dijelaskan mengenai baksos yang akan mereka lakukan. Kemudian para peserta berfoto bersama dan akhirnya sekitar pukul 15.00 pulang kembali ke Bandung.</p>\r\n<div style="text-align: justify;">&nbsp;</div>', 1350313903, 1351183822, 1),
(15, 'Jumatan MkD', '<p><span style="text-align: justify;">Seminggu berlalu setelah jumatan &ldquo;championship&rdquo;, DIVA KMB kembali menghadirkan Jumatan pada tanggal 21 September 2012 bertemakan &ldquo;MkD&rdquo; alias &ldquo;Maen Kuis Dhamma&rdquo;. Yup, kali ini DIVA menghadirkan &nbsp;jumatan Dhamma untuk massa KMB Dhammanano ITB, 21 september 2012 jam 11 siang di TVST A </span></p>\r\n<p style="text-align: justify;">Acara dimulai pada pukul 11.15 dengan dihadiri 48 orang. Dibuka dengan namakara gatha yang dipimpin langsung oleh MC. Setelah itu, MC pun membagi massa KMB yang datang ke dalam tiga kelompok. Dalam jumatan kali ini, games dibagi menjadi tiga babak, dua babak giliran dan satu babak rebutan.&nbsp;</p>\r\n<p style="text-align: justify;">Babak 1 adalah babak teka teki silang alias TTS. Seperti namanya, pada games ini kelompok diminta untuk bermain TTS. &nbsp;Kelompok yang berhasil menjawab pertanyaan awal dengan benar, dipersilakan untuk memilih kotak yang ingin mereka isi. Dalam games ini, setiap jawaban yang benar akan memberikan point 10 pada kelompok yang menjawabnya dan tidak ada sistem minus. Games ini berjalan sangat lancar, karena soalnya tergolong mudah bagi massa KMB, sehingga sekitar 15 pertanyaan dalam TTS bisa dijawab </p>\r\n<p style="text-align: justify;">Babak 2 adalah babak tebak gambar. Dalam games ini, telah disediakan 9 buah kotak dimana jika kotak kotak tersebut dibuka, maka akan terbentuklah suatu gambar. Inti dari permainan ini adalah menebak gambar yang tersembunyi dengan cara menjawab pertanyaan pertanyaan di 9 kotak tersebut. &nbsp;Untuk setiap jawaban yang benar akan diberikan point 15, jika berhasil menjawab gambar sebelum semua kotak terbuka maka akan diberikan point 50, namun jika salah menebak gambar maka akan diberikan minus 50. Games ini berjalan sangat cepat karena gambar-gambarnya mudah ditebak, terutama karena objek yang difoto dan oknum yang memotret gambar tersebut hadir dalam jumatan ini, sehingga mereka bisa langsung mengenali foto-fotonya. Kejadian seru dalam babak ini adalah karena ada satu tim yang harus mendapatkan minus 50 akibat salah menebak gambar.&nbsp;</p>\r\n<p style="text-align: justify;">Babak terakhir dan juga babak rebutan adalah mistery box. Games terakhir adalah games yang memakan waktu paling lama, namun paling banyak mengundang reaksi dari peserta jumatan akibat point-point yang mereka dapatkan. Point-point yang telah disediakan tidak hanya berupa pertambahan, namun juga ada sistem pengurangan, perkalian, pembagian, akar dan subtitusi. Ada kelompok yang kegirangan karena mendapatkan poin tambahan, namun lebih banyak kelompok yang harus menderita karena poin mereka terpaksa harus dikurangi.</p>\r\n<p style="text-align: justify;">Akhirnya pukul 12.50 games selesai dimainkan dan didapatkan pemenang dari jumatan kali ini, yaitu kelompok satu. Acara pun ditutup dengan pembagian kuisioner, pengumuman dari Danus dan Orkes, foto-foto dan Namakara Gatha.</p>\r\n<p style="text-align: justify;">Semoga melalui jumatan Dhamma ini, pengetahuan Dhamma massa KMB bisa bertambah dan keinginan untuk belajar Dhamma bisa meningkat secara terus menerus.</p>\r\n<p style="text-align: justify;">Sadhu3 </p>\r\n<p style="text-align: justify;">&nbsp;</p>\r\n<p style="text-align: justify;">&copy;divakmb2012</p>\r\n<div>&nbsp;</div>', 1350318303, 1351183658, 1),
(16, 'Amazing Race', '<p style="text-align: justify;">Amazing Race is Back !!!! Setelah 6 bulan berlalu setelah Amazing Race #1 diadakan, Sabtu 29 September 2012 DIVA kembali mengadakan Amazing Race #2nd Edition. Tentunya konsepnya masih sama seperti kemarin, yaitu pergi spot spot sekitaran kota bandung dan bermain games games untuk mendapatkan clue ke tempat selanjutnya. Untuk amazing race kali ini, antusias cukup besar ditunjukkan massa KMB dengan terisinya semua slot kelompok yang telah ditentukan oleh DIVA. Amazing Race kali ini diikuti oleh 10 kelompok/71 peserta dari angkatan 2008 sampai 2012.</p>\r\n<p style="text-align: justify;">Sekitar pukul 09.45, acara pun dimulai dengan pengecekan kehadiran terhadap semua kelompok dan pemberian identitas kepada masing-masing kelompok. Kemudian setiap kelompok diberikan clue yang akan menunjukkan mereka kepada guidenya masing-masing. setelah itu, kelompok diberikan sedikit penjelasan mengenai teknis games yang akan dimainkan. Pukul 10.00 amazing race pun resmi dimulai.</p>\r\n<p style="text-align: justify;">Permainan pun dimulai dengan games mencari guide + makan siang di seputar ITB. jadi, guide telah disebar secara acak di 10 tempat di ITB. setelah kelompok berhasil menemukan guide mereka masing-masing, maka guide akan meminta mereka untuk mencari empat kotak kecil berwarna merah yang berisikan nama makanan yang akan dimakan untuk makan siang mereka. games ini berlangsung lumayan cepat, jauh lebih cepat dari yang diestimasikan karena banyak kelompok yang sudah selesai bahkan sebelum makan siangnya datang.</p>\r\n<p style="text-align: justify;">Hal yang menarik adalah ketika kotak kotak yang mereka temukan dibuka, karena banyak sekali kelompok yang hanya mendapatkan lauk hanya gorengan atau kebanyakan mendapatkan nasi. Sehingga terjadilah pertukaran antara kelompok yang satu dengan yang lainnya.&nbsp;</p>\r\n<p style="text-align: justify;">Akhirnya sekitar pukul 11.30, kelompok-kelompok mulai meninggalkan ITB untuk menuju pos selanjutnya di Museum Pos. Kelompok pertama datang pada pukul 11.45 dan langsung diberikan games. Games di museum pos cukup simpel. Mereka hanya harus mencari 4 prangko yang sama dengan di foto. Yang membuat susah adalah karena di museum pos terdapat 100 lebih lemari yang menyimpan prangko prangko dari semua negara. Dari 10 kelompok, hanya satu kelompok yang tidak berhasil menyelesaikan games ini.</p>\r\n<p style="text-align: justify;">Pos selanjutnya adalah Monumen Bandung Lautan Api. Di pos ini seharusnya dimainkan permainan ular tangga, dimana di tempat ini akan terbagi menjadi 4 pos kecil. Setelah menyelesaikan games di pos 1, maka setiap kelompok akan memilih satu nomor yang akan menunjukkan ke pos mana mereka harus bermain. Bisa saja mereka langsung loncat ke pos ketiga tanpa melewati pos dua, namun bisa juga mereka kembali ke pos pos awal.&nbsp;</p>\r\n<p style="text-align: justify;">Di pos satu, salah satu teman kelompoknya harus mengucapkan kata KMB ketika teman kelompok yang lain harus berjalan dengan kaki terikat satu sama lain dan berjalan ke tempat yang telah disediakan. Di pos dua, kelompok harus menghabiskan satu bungkus keripik pedas. Di pos ketiga kelompok harus meminum 1,5 liter air mineral dan di pos terakhir, mereka harus menjatuhkan botol air minum menggunakan karet gelang.&nbsp;</p>\r\n<p style="text-align: justify;">Kekurangan dari pos ini adalah karena di pos ini terjadi hujan yang sangat deras dan berangin sehingga permainan terpaksa dihentikan. Akhirnya setiap kelompok pun diberikan clue terakhir yang menunjukkan dimana pos selanjutnya berada.</p>\r\n<p style="text-align: justify;">Pos selanjutnya berada di titik nol bandung. Karena kekacauan di pos sebelumnya dan hujan yang tidak kunjung berhenti, akhirnya games di pos ini sempat tertunda sebentar. Kelompok yang sudah datang dievakuasi ke gedung merdeka terlebih dahulu agar tidak kehujanan lagi. Setelah hujan reda, akhirnya games pun dilanjutkan di titik nol bandung. Games di pos ini adalah setiap kelompok harus berputar sebanyak sepuluh kali dan kemudian salah satu dari mereka harus memukul kertas ke kertas lainnya agar kertas tersebut bisa terbalik. Games ini berlangsung singkat karena banyak dari kelompok yang sudah jago dalam games ini.&nbsp;</p>\r\n<p style="text-align: justify;">Pos terakhir berada di taman balai kota. Di sini, setiap kelompok harus mengangkat gelas air mineral menggunakan tali dan harus membawanya sepanjang rute yang telah disediakan. Setelah sampai di garis finish, setiap kelompok akan ditanya mengenai pertanyaan pertanyaan yang jawabannya akan mereka dapatkan di sepanjang rute tadi. Games disini berjalan cukup lancar karena hujan yang sudah reda.&nbsp;</p>\r\n<p style="text-align: justify;">Akhirnya setelah melalui semua pos dan hujan badai, satu persatu kelompok pun datang di tempat finish yaitu di D&rsquo;cost BIP. Amazing race pun dimenangkan oleh kelompok Christie Gojali and Friends. Acara pun ditutup dengan makan malam dan foto-foto.</p>\r\n<p style="text-align: justify;">&copy;divakmb2012</p>\r\n<div style="text-align: justify;">&nbsp;</div>', 1350319300, 1351183447, 1),
(17, 'Pengangkatan Kepengurusan', '<p>Sabtu tanggal 6 Oktober, KMB ITB mengadakan acara Pengangkatan, acara ini adalah salah satu tradisi di KMB ITB, dimana setelah PPAB, para anggota KMB ITB tahun pertama memilih divisi sesuai keinginan dan minat masing &ndash; masing kemudian secara resmi dilantik sebagai anggota divisi KMB ITB lewat acara pengangkatan ini.</p>\r\n<p>Pukul delapan pagi, masa KMB mulai berkumpul di sekre sebelum bersama &ndash; sama berangkat ke Vihara VimalaDhamma, tapi ada juga sebagian yang langsung menuju Vihara VimalaDhamma dan tidak berkumpul di sekre dulu. Jam setengah sembilan akhirnya rombongan KMB yang berkumpul di sekre berangkat menuju Vihara VimalaDhamma. Pada acara ini, sebagian divisi memilih menggunakan dresscode, sehingga terlihat lebih kompak. Contohnya divisi acara yang memilih menggunakan baju berwarna merah. Selain divisi acara, masa KMB angkatan 2012 juga memilih dresscode yakni baju berwarna putih.</p>\r\n<p>Kegiatan ini diawali dengan kebaktian bersama sekitar pukul sembilan, setelah menutup kebaktian dengan pembacaan paritta Ettavatatiaddipattidana, &nbsp;dilanjutkan dengan pemberian sertifikat bagi setiap pengurus, koordinator dan anggota divisi KMB ITB. Sebagian besar masa KMB hadir dalam acara ini, acara penyerahan sertifikat ini diwarnai dengan tepuk tangan dan sorak sorai yang meriah namun teratur dari masa KMB lainnya mengingat saat itu kita sedang berada dalam dhammasala. Saat penyerahan sertifikat juga disertai dengan foto &ndash; foto perdivisi, kemudian rangkaian acara pengangkatan anggota divisi di tutup dengan paritta Namakara Patha.</p>\r\n<p>Acara pada hari sabtu ini tidak langsung berakhir setelah acara pengangkatan, namun dilanjutkan dengan acara kedua yaitu foto bersama. Foto bersama ini juga merupakan tradisi tiap tahun, semakin menarik karena foto bersama ini akan dilaksanakan di Jonas Photo Studio.</p>\r\n<p>Beranjak dari Vihara VimalaDhamma, lalu mobilisasi perdivisi menuju lokasi Jonas Photo di jalan Progo, sebagian berjalan kaki dan ada sebagian yang bersama mobil. Begitu tiba di lokasi, nampak kondisi saat itu Jonas Photo sedang ramai, sehingga kita pun menunggu dengan melihat &ndash; lihat didalam dan sekeliling Jonas Photo, selain menunggu antrian, juga menunggu beberapa orang yang menuju lokasi untuk ikut berfoto bersama.</p>\r\n<p>Setelah menunggu kurang lebih satu jam, akhirnya pukul satu siang, kita mendapatkan giliran untuk berfoto. Setelah cukup lama mengatur posisi berfoto dengan jumlah orang yang terbilang banyak akhirnya dimulai. &nbsp;Banyak pose yang dapat dilakukan di awali dengan pose ber-anjali hingga free style. Saat melihat kembali foto &ndash; foto yang dihasilkan tertangkap banyak pose &ndash; pose yang lucu dan unik dari sebagian orang yang membuat situasi semakin ramai dan seru.</p>\r\n<p>Kurang lebih pukul dua, acara foto &ndash; foto bersama selesai. Karena sudah tengah hari, setelah acara foto bersama di jonas photo, dilanjutkan dengan acara makan-makan, tapi pada acara makan &ndash; makan ini, dilakukan sebagian perdivisi dan sebagian lagi masing &ndash; masing.</p>\r\n<p>Acara pada hari sabtu tanggal 6 oktober kali ini berakhir setelah acara foto bersama dan makan siang. &nbsp;</p>', 1351220299, 1351220299, 1),
(18, 'Studi Banding Ke KMB Dhammavaddhana, Binus University, Jakarta', '<p class="MsoListParagraphCxSpFirst" style="margin-top: 0in; margin-right: 0in; margin-bottom: .0001pt; margin-left: .25in; mso-add-space: auto; text-align: justify; text-justify: inter-ideograph;"><span style="font-size: medium;"><span style="font-family: ''Times New Roman'', serif;">Sabtu tanggal 10 November 2012, Badan Pengurus dan Divisi Hubungan Masyarakat KMB ITB mengunjungi KMB Dhammavaddhana Binus di Jakarta dalam rangka acara studi banding.</span><span style="font-family: ''Times New Roman'', serif;">&nbsp;</span></span></p>\r\n<p class="MsoListParagraphCxSpMiddle" style="margin-top: 0in; margin-right: 0in; margin-bottom: .0001pt; margin-left: .25in; mso-add-space: auto; text-align: justify; text-justify: inter-ideograph;"><span style="font-family: ''Times New Roman'', serif; font-size: medium;">Pukul setengah delapan pagi, rombongan bernagkat ke Jakarta dari ITB. Pukul 11.30, rombongan tiba di Kampus Anggrek Binus University dan disambut hangat oleh anggota-anggota KMB Dhammavadhanna Binus. Kemudian, kita menuju ruang kuliah untuk memulai acara. Acara dimulai dengan Pembacaan Namakara Gatha dan Vandana. Kemudian, acara dilanjutkan dengan perkenalan masing-masing anggota dari KMB Binus dan ITB.</span></p>\r\n<p class="MsoListParagraphCxSpLast" style="margin-top: 0in; margin-right: 0in; margin-bottom: .0001pt; margin-left: .25in; mso-add-space: auto; text-align: justify; text-justify: inter-ideograph;"><span style="font-family: ''Times New Roman'', serif; font-size: medium;">Setelah itu, dilanjutkan dengan&nbsp; presentasi kepengurusan KMB Binus oleh Ketua dan badan pengurus lainnya dari KMB Binus. Lalu, dilanjutkan dengan presentasi kepengurusan KMB ITB oleh ketua KMB ITB. Presentasi mencakup visi &amp; misi kepengurusan, struktur organisasi, divisi-divisi dalam KMB, beserta kepanitian-kepanitianan di dalamnya. Setelah itu, sesi sharing dan tanya-jawab dimulai. Acara diakhiri dengan penyerahan kenang-kenangan dari kedua KMB dan foto bersama.&nbsp;</span></p>\r\n<p class="MsoListParagraphCxSpLast" style="margin-top: 0in; margin-right: 0in; margin-bottom: .0001pt; margin-left: .25in; mso-add-space: auto; text-align: justify; text-justify: inter-ideograph;"><span style="font-family: ''Times New Roman'',''serif'';"><span style="font-size: small;">&nbsp;</span></span></p>\r\n<p class="MsoFooter" style="text-align: right;" align="right"><span style="font-size: small;">&copy; Divisi Hubungan Masyarakat KMB Dhamma<span lang="FI">&ntilde;ano</span> ITB 2012/2013</span></p>', 1353116687, 1353119077, 17),
(19, 'Kunjungan ke KMB Dhammavira, Universitas Padjadjaran, Jatinangor', '<p class="MsoListParagraphCxSpFirst" style="margin-top: 0in; margin-right: 0in; margin-bottom: .0001pt; margin-left: .25in; mso-add-space: auto; text-align: justify; text-justify: inter-ideograph;"><span style="font-family: ''Times New Roman'', serif; font-size: medium;">Kamis tanggal 15 November 2012, Divisi Hubungan Masyarakat KMB ITB mengadakan acara kunjungan ke KMB Dhammavira Unpad di Jatinangor. Acara ini diikuti oleh 62 orang peserta dari KMB ITB.</span></p>\r\n<p class="MsoListParagraphCxSpMiddle" style="margin-top: 0in; margin-right: 0in; margin-bottom: .0001pt; margin-left: .25in; mso-add-space: auto; text-align: justify; text-justify: inter-ideograph;"><span style="font-family: ''Times New Roman'', serif; font-size: medium;">Pukul tujuh pagi, massa KMB mulai berkumpul di sekre sebelum berangkat bersama. Jam 8 pagi, rombongan berangkat ke Jatinangor dengan bus. Sekitar jam 09.30 pagi, rombiongan tiba di Unpad Jatinangir kemudian disambut hangat oleh anggota-anggota KMB Dhammavira Unpad di dekat ATM Centre Gerbang Unpad. Acara dimulai dengan perkenalan masing-masing anggota dari kedua KMB. Kemudian dilanjutkan dengan presentasi singkat mengenai kepengurusan KMB oleh ketua masing-masing KMB. Setelah itu, acara dilanjutkan dengan nyanyi-nyanyi lagu dari KMB ITB dan KMB Unpad beserta games yang mengakrabkan kedua KMB.</span></p>\r\n<p class="MsoListParagraphCxSpMiddle" style="margin-top: 0in; margin-right: 0in; margin-bottom: .0001pt; margin-left: .25in; mso-add-space: auto; text-align: justify; text-justify: inter-ideograph;"><span style="font-family: ''Times New Roman'', serif; font-size: medium;">Setelah games selesai, acara dilanjutkan dengan makan siang bersama. Lalu, diadakan amazing race di kampus Unpad Jatinangor sambil pengenalan kampus Unpad kepada anggota KMB ITB. Rombongan dibagi menjadi 5 kelompok. Tiap kelompok akan diberikan clue ke pos-pos dalam kampus Unpad. Terdapat 5 pos yaitu Fakultas Psikologi, Fakultas Visual Komunikasi, Rektorat, Gegung Biru, dan Stadiun Bola Unpad.</span></p>\r\n<p class="MsoListParagraphCxSpLast" style="margin-top: 0in; margin-right: 0in; margin-bottom: .0001pt; margin-left: .25in; mso-add-space: auto; text-align: justify; text-justify: inter-ideograph;"><span style="font-family: ''Times New Roman'',''serif'';"><span style="font-size: medium;">Acara diakhiri dengan&nbsp; penyampaian kesan &amp; pesan peserta beserta penyerahan kenang-kenangan dari KMB ITB kepada KMB Unpad.</span></span></p>\r\n<p class="MsoFooter" style="margin-left: .25in; text-align: right;" align="right">&nbsp;&nbsp;</p>\r\n<p class="MsoFooter" style="margin-left: .25in; text-align: right;" align="right"><span style="font-size: small;">&copy; Divisi Hubungan Masyarakat KMB Dhamma<span lang="FI">&ntilde;ano</span> ITB 2012/2013</span></p>', 1353126761, 1353152185, 17),
(22, 'Penggalangan Kusaladhana saat Peringatan Kathina di Vihara Vipassana Graha  ', '<p><span style="font-size: small;">Divisi Pengabdian Masyarakat (DPM) KMB Dhammanano ITB membuka stand di Vihara Vipassana Graha saat perayaan Kathina(Sabtu, 17 November 2012). Tim DPM yang ikut dalam kegiatan ini tediri dari 6 orang yaitu Jasmiandy, Stevent, Luciana, Ricky, Christine, dan Amelia.&nbsp;Pembukaan stand ini bertujuan untuk menyosialisasikan Program Kakak Asuh Kusaladhana kepada umat yang hadir pada acara Kathina di Vihara Vipasana Graha. Metode sosialisasi yang dilakukan dengan cara &nbsp;membagikan brosur dengan&nbsp;berkeliling&nbsp;dan kepada pengunjung stand. Pembagian brosur ini membuahkan hasil berupa jumlah donatur tetap yang bergabung dengan Program Kusaladhana sebanyak 12 orang serta donasi sukarela yang berhasil dikumpul adalah Rp. 2.288.000. Sebagai ungkapan terima kasih, DPM memberikan souvenir berupa kaktus kepada donatur tetap yang telah bergabung dengan Program Kakak Asuh Kusaladhana ini.</span></p>\r\n<p>&nbsp;</p>\r\n<p><span style="font-size: small;">"Bantuan Kecil Anda Berdampak Besar Bagi Mereka"</span></p>\r\n<p><span style="font-size: small;">Program Kakak Asuh Kusaladhana&nbsp;</span></p>\r\n<p><span style="font-size: small;">Divisi Pengabdian Masyarakat</span></p>\r\n<p><span style="font-size: small;">Keluarga Mahasiswa Buddhis Dhammanano ITB</span></p>', 1353326932, 1353327503, 83);

--
-- Dumping data for table `tbl_post_images`
--

INSERT IGNORE INTO `tbl_post_images` (`id`, `post_id`, `image_url`) VALUES
(1, 16, 'AmazingRace2012-1.jpg'),
(2, 16, 'AmazingRace2012-2.jpg'),
(3, 16, 'AmazingRace2012-3.jpg'),
(4, 16, 'AmazingRace2012-4.jpg'),
(5, 15, 'JumatanMkD-1.jpg'),
(6, 15, 'JumatanMkD-2.jpg'),
(7, 15, 'JumatanMkD-3.jpg'),
(8, 15, 'JumatanMkD-4.jpg'),
(9, 14, 'Makrab2012-1.jpg'),
(10, 14, 'Makrab2012-2.jpg'),
(11, 14, 'Makrab2012-3.jpg'),
(12, 14, 'Makrab2012-4.jpg'),
(18, 11, 'Jumatan KMH1(27-04-2012).jpg'),
(19, 11, 'Jumatan KMH2(27-04-2012).jpg'),
(20, 11, 'Jumatan KMH3(27-04-2012).jpg'),
(21, 10, 'DhammaTalk1(30-4-2012).jpg'),
(22, 10, 'DhammaTalk2(30-4-2012).jpg'),
(23, 9, 'kalyana1.jpg'),
(24, 9, 'kalyana2.jpg'),
(25, 9, 'kalyana3.jpg'),
(26, 8, 'raker1.jpg'),
(27, 8, 'raker2.jpg'),
(28, 17, 'Pengangkatan1-2012.jpg'),
(29, 17, 'Pengangkatan2-2012.JPG'),
(30, 17, 'Pengangkatan3-2012.JPG'),
(31, 17, 'Pengangkatan4-2012.JPG'),
(34, 12, 'Nobar07052012_1.jpg'),
(35, 12, 'Nobar07052012_2.jpg'),
(36, 13, 'JumatanChampion14092012_1.jpg'),
(37, 13, 'JumatanChampion14092012_2.JPG'),
(38, 13, 'JumatanChampion14092012_3.JPG'),
(39, 18, 'IMG_1496.JPG'),
(40, 18, 'IMG_1498.JPG'),
(41, 18, 'IMG_1503.JPG'),
(42, 18, 'IMG_1522.JPG'),
(43, 18, 'IMG_1526.JPG'),
(44, 18, 'IMG_1541.JPG'),
(45, 18, 'IMG_1542.JPG'),
(46, 19, 'IMG_3668.JPG'),
(48, 19, 'IMG_3688.JPG'),
(49, 19, 'IMG_3712.JPG'),
(50, 19, 'IMG_3716.JPG'),
(51, 19, 'IMG_3720.JPG'),
(52, 19, 'IMG_3727.JPG'),
(53, 19, 'IMG_3762.JPG'),
(54, 19, 'IMG_3800.JPG'),
(55, 19, 'IMG_3839.JPG'),
(56, 19, 'IMG_3877.JPG'),
(57, 19, 'IMG_3879.JPG'),
(58, 22, '171120121529.jpg'),
(59, 22, '171120121530.jpg'),
(60, 22, '171120121532.jpg'),
(61, 22, '171120121533.jpg'),
(62, 22, '171120121534.jpg'),
(63, 22, '171120121542.jpg'),
(64, 22, '191120121544.jpg');

--
-- Dumping data for table `tbl_profiles`
--

INSERT IGNORE INTO `tbl_profiles` (`user_id`, `name`, `tgllahir`, `asal`, `alamat`, `hp`, `email`, `angkatan`, `fakultas`, `jurusan`) VALUES
(1, 'Administrator', '1992-11-20', 'Jambi', 'Jalan Sultan Taha No. 125', '+6285664387055', 'fernandojordan.92@gmail.com', 2010, 'Sekolah Teknik Elektro dan Informatika', 'Teknik Informatika'),
(10, 'Ega Varian Soemarliu', '1991-05-24', 'Palembang', 'Jl. Ranca Bentang 2, No. 3, Ciumbuleuit, Bandung', '+6285722449948', 'ega.varian@hotmail.com', 2009, 'Fakultas Teknik Mesin dan Dirgantara', 'Teknik Mesin'),
(11, 'Lee Marvin', '1991-04-09', 'Bandung', 'Jln. Batununggal Indah 1 No.36, Bandung', '+628981277779', 'lee.marvin91@gmail.com', 2009, 'Sekolah Bisnis dan Manajemen', 'Manajemen'),
(12, 'Wilson Fonda', '1992-10-08', 'Jakarta', 'Tubagus Ismail 1 no 5A', '+6285777526768', '', 2010, 'Sekolah Teknik Elektro dan Informatika', 'Teknik Informatika'),
(13, 'Darwin Chandra', '1992-11-01', 'Pematangsiantar', 'alamat asal : Jln Tanah Jawa No.82 Sumatra Utara\r\nalamat kost : Jln ciumbuleuit Gg. bapak aleh No.95/155A', '+628192100822', 'darwin.ch@hotmail.co.id', 2010, 'Fakultas Teknik Mesin dan Dirgantara', 'Teknik Mesin'),
(14, 'Kevin Kusnadi', '1992-02-18', 'Jakarta', 'Jalan Tubagus Ismail 7 nomor 9', '+6287877525559', '', 2010, 'Fakultas Teknik Mesin dan Dirgantara', 'Aeronotika dan Astronotika'),
(15, 'Vivi Lieyanda', '1992-08-26', 'Riau', 'Jl. Kanayakan Baru No.15', '+6285271484940', '', 2009, 'Sekolah Teknik Elektro dan Informatika', 'Teknik Informatika'),
(16, 'Indra Gunawan', '1992-10-07', 'Cianjur', 'Cisitu Lama no 9', '+6285720790350', 'Rintxx@live.com', 2010, 'Fakultas Teknik Sipil dan Lingkungan', 'Teknik Sipil'),
(17, 'Dick Sigmund', '1993-09-25', 'Pematangsiantar', 'Jalan Bukit Sari 1A, Bandung 40141', '+6281361112188', '', 2010, 'Sekolah Teknik Elektro dan Informatika', 'Teknik Elektro'),
(18, 'Adrian Hartanto', '1991-04-02', 'Jakarta', 'Griya Dadap Estate Blok C1 no. 14\r\n\r\n', '+6281932685308', '', 2009, 'Fakultas Matematika dan Ilmu Pengetahuan Alam', 'Matematika'),
(19, 'Aldrich Tyto', '1993-10-24', 'Medan,Sumatera Utara', 'Jl. Dr Slamet No 18, Bandung, Jawa Barat', '+628566096123', '', 2011, 'Fakultas Teknologi Industri', 'Teknik Kimia'),
(20, 'Deonardo Hermawan', '1993-12-11', 'Palembang', 'JlRama Kasih VI No.1677 B RT.15 RW.04 Palembang', '+6281995152836', '', 2011, 'Fakultas Teknologi Industri', 'Teknik Kimia'),
(21, 'sandy anglomas', '1992-05-30', 'medan', 'jln. ciumbeluit no:155a/6\r\ngang abah nursai', '+6281375884232', '', 2010, 'Fakultas Teknik Mesin dan Dirgantara', 'Teknik Mesin'),
(22, 'Felicia M.', '1992-10-17', 'Lampung', 'Jl. Maulana Yusup no.9. Bandung.', '+6281927836459', '', 2010, 'Sekolah Farmasi', 'Farmasi Klinik dan Komunitas'),
(23, 'Sherly', '1993-12-27', 'Bekasi', 'Permata Hijau Permai blok F7 no. 14, Bekasi Utara, Jawa Barat', '+6287876333883', '', 2011, 'Sekolah Arsitektur, Perencanaan dan Pengembangan Kebijakan', 'Arsitektur'),
(24, 'Filbert Kinata', '1993-04-29', 'Medan', 'Jl. Bukit Indah No. 9 Bandung', '+6285760600038', '', 2011, 'Fakultas Teknik Mesin dan Dirgantara', 'Teknik Mesin'),
(25, 'Nicho', '1993-08-06', 'Medan', 'Jalan Tubagus Ismail V No. 61, Bandung\r\n\r\nJalan B. Katamso Gg. Pantai Burung No. 7, Medan', '+6285270985410', '', 2011, 'Fakultas Teknik Sipil dan Lingkungan', 'Teknik Sipil'),
(26, 'argayasa gotama', '1993-01-14', 'Lampung', 'Jln.Ir.Sutami 39 Tanjung Bintang', '+6285764220570', '', 2010, 'Sekolah Ilmu dan Teknologi Hayati', 'Rekayasa Hayati'),
(27, 'Ocviana Utomo', '1993-10-02', 'Pematangsiantar', 'Jl. Tubagus Ismail VII no.9', '+6285275201968', 'chocomii.wu@yahoo.com', 2011, 'Sekolah Farmasi', 'Sains dan Teknolgi Farmasi'),
(28, 'hans kurniawan', '1993-01-11', 'DKI Jakarta', 'cengkir barat1 FI 2 no.5, kelapa gading', '+6281807876788', '', 2011, 'Fakultas Teknik Mesin dan Dirgantara', 'Teknik Mesin'),
(29, 'Gunawan', '1993-02-07', 'Bandung', 'Jalan Cikawao Permai B 10', '+628122002948', 'gunawanh@yahoo.com', 2011, 'Sekolah Teknik Elektro dan Informatika', 'Sistem dan Teknologi Informasi'),
(30, 'Iskandar Setiadi', '1994-04-20', 'DKI Jakarta', 'Jl. Tubagus Ismail VI No.33, Sekeloa, Bandung.', '+6285697681829', 'iskandarsetiadi@students.itb.ac.id', 2011, 'Sekolah Teknik Elektro dan Informatika', 'Teknik Informatika'),
(31, 'Lydia Ignacia', '1993-05-30', 'Sukabumi', 'Jalan H.O.S.Tjokroaminoto (Pasirkaliki) 177 Bandung\r\nJalan Jendral Ahmad Yani, Gang Pang Lipur 30 Sukabumi', '+6285220648893', 'lydia_ignacia@students.itb.ac.id', 2011, 'Fakultas Teknologi Industri', 'Teknik Kimia'),
(32, 'Danny Pranoto', '1993-12-02', 'Medan', 'Jl. Ciumbuleuit Gg Suhari No.96C/155A', '+6283199440068', '', 2011, 'Sekolah Teknik Elektro dan Informatika', 'Teknik Informatika'),
(33, 'Jordan Fernando', '1992-11-20', 'Jambi', 'Jln Sultan Taha No. 125', '+6285664387055', '', 2010, 'Sekolah Teknik Elektro dan Informatika', 'Teknik Informatika'),
(34, 'Devi Permatasari', '1993-01-11', 'Bekasi', 'Jl. Tubagus Ismail 7 no 15', '+628978586198', 'devi.huang11@gmail.com', 2011, 'Sekolah Farmasi', 'Sains dan Teknolgi Farmasi'),
(35, 'frengky Wijaya', '1991-08-10', 'Palembang', 'Jalan Sederhana', '+628996910632', '', 2009, 'Sekolah Teknik Elektro dan Informatika', 'Teknik Elektro'),
(36, 'Kevin Kegan Kusuma', '1993-09-18', 'Pekanbaru', 'Jalan Cigadung Raya Timur no 54 Bandung', '+6285278382402', '', 2011, 'Fakultas Teknologi Industri', 'Teknik Industri'),
(37, 'Fredy Tantri', '1993-08-21', 'Riau', 'Jalan Ciumbuleuit gang Suhari 2 nomor 60', '085364257363', '', 2011, 'Fakultas Matematika dan Ilmu Pengetahuan Alam', 'Fisika'),
(38, 'merina', '1991-07-12', 'bandarlampung', 'jalan slamet riyadi 2 gang arwana 1 No 49, bandarlampung, lampung', '+6287878492057', '', 2009, 'Sekolah Farmasi', 'Sains dan Teknolgi Farmasi'),
(39, 'Margaretha Leo', '1994-03-02', 'Palembang', 'Jalan Dago Timur No. 9 Bandung', '+6285788178815', '', 2011, 'Sekolah Farmasi', 'Sains dan Teknolgi Farmasi'),
(40, 'Cyntia', '1993-05-07', 'Bekasi', 'JL. Taman Sari No. 42/56', '+6285782121871', '', 2011, 'Fakultas Matematika dan Ilmu Pengetahuan Alam', 'Kimia'),
(41, 'Joe Wira', '1993-04-06', 'Bekasi', 'Jl. Cisitu Indah IV no 14', '+62811818118', '', 2011, 'Fakultas Teknik Mesin dan Dirgantara', 'Teknik Material'),
(42, 'Renny Meylia Febrianti', '1994-02-06', 'Palembang', 'Jl. Tubagus Ismail VII no.19', '+6281958195755', '', 2011, 'Sekolah Arsitektur, Perencanaan dan Pengembangan Kebijakan', 'Arsitektur'),
(43, 'Yulia Lie Yanda', '1994-07-18', 'Riau', 'Jalan ciumbuleuit 83', '+6285271377223', 'yulia_lieyanda@yahoo.com', 2011, 'Sekolah Farmasi', 'Sains dan Teknolgi Farmasi'),
(44, 'Antonny Kwok', '1991-07-15', 'Jakarta', 'BI 21 B 18', '+62817624805', 'antonny.kwok91@gmail.com', 2009, 'Fakultas Teknik Mesin dan Dirgantara', 'Teknik Mesin'),
(45, 'Jimmy Hartono', '1992-06-13', 'Medan', '(Medan): Jalan Iming No. 2P\r\n(Bandung): Jalan Bukit Sari No. 1A', '+62819828795', 'jimmy.hartono@hotmail.com', 2010, 'Sekolah Arsitektur, Perencanaan dan Pengembangan Kebijakan', 'Arsitektur'),
(46, 'jonathan', '1993-01-15', 'jakarta', 'dago asri', '+628568568168', '', 2011, 'Fakultas Teknik Mesin dan Dirgantara', 'Aeronotika dan Astronotika'),
(47, 'Rio Gunawan Chandra', '1994-01-29', 'Palembang', 'Jalan Ciumbuleuit Gg bukit sastra no 139d', '+6281958171017', '', 2011, 'Sekolah Teknik Elektro dan Informatika', 'Teknik Elektro'),
(48, 'dicky hanggara', '1992-10-24', 'palembang', 'plaju', '+6281929491929', '', 2010, 'Fakultas Teknik Sipil dan Lingkungan', 'Teknik Sipil'),
(49, 'Fransiskakurniawan', '1991-08-30', 'Bandung', 'Taman Kopo Indah blok A-18 Bandung-40226', '+628157171830', '', 2009, 'Sekolah Farmasi', 'Sains dan Teknolgi Farmasi'),
(50, 'Jovian Johny', '1992-03-02', 'Palembang', 'Jl. Bukit Jarian no. 21, Ciumbuleuit, Bandung', '+628127898875', '', 2009, 'Fakultas Teknik Mesin dan Dirgantara', 'Teknik Mesin'),
(51, 'vonny', '1992-05-05', 'jambi', 'jalan cisitu indah 5 no 74 bandung', '+628192570565', '', 2010, 'Sekolah Farmasi', 'Sains dan Teknolgi Farmasi'),
(52, 'Prillycia Octaviana', '1993-10-05', 'Bekasi', 'Jalan Ciheulang 233', '+6285781084299', '', 2011, 'Fakultas Matematika dan Ilmu Pengetahuan Alam', 'Matematika'),
(53, 'Niko Eka Putra', '1994-03-16', 'Medan', 'Jl. Ciumbuleuit Gg. U Sukandi No 29/155 C', '+6285668709356', '', 2011, 'Fakultas Teknologi Industri', 'Teknik Fisika'),
(54, 'Wendy', '1992-03-08', 'Palembang', 'Jl. Ciumbuleuit, Ranca Bentang II No. 3 Bandung', '+6281373251768', 'a_dsa92@yahoo.com', 2010, 'Fakultas Teknik Pertambangan dan Perminyakan', 'Teknik Pertambangan'),
(55, 'Emily Dewiyanti', '1992-05-14', 'Mataram, Lombok', 'Jln Ciumbuleuit gg suhari 124/155A, Bandung\r\nJln Selaparang no 6, Cakranegara, Lombok', '+628175778105', 'emily.dewiyanti@sbm-itb.ac.id', 2010, 'Sekolah Bisnis dan Manajemen', 'Manajemen'),
(56, 'David Limoris', '1994-12-11', 'Banjarmasin', 'Jalan Dewi Shinta RT 25 No 10', '+6281244341315', '', 2011, 'Fakultas Teknik Sipil dan Lingkungan', 'Teknik Sipil'),
(57, 'Freddy Mardjuki', '1993-02-12', 'Jakarta', 'Tubagus Ismail 5 no 2A', '+6285921182800', '', 2011, 'Sekolah Ilmu dan Teknologi Hayati', 'Rekayasa Hayati'),
(58, 'Willy Kurniawan', '1993-08-17', 'Bandung', 'Jl. Taman Kopo Indah blok A-18\r\nBandung', '08157051708', '', 2011, 'Sekolah Farmasi', 'Sains dan Teknolgi Farmasi'),
(59, 'Martha  Monica', '1992-03-03', 'Jambi', 'Jln.Ciumbuleuit Gg.Suhari No.124/155A', '+6281994419494', '', 2010, 'Sekolah Teknik Elektro dan Informatika', 'Teknik Informatika'),
(60, 'Jonny Setiawan', '1992-04-28', 'DKI Jakarta', 'Jl.Muara Karang Blok N 9 Selatan No 52', '+6287877380572', 'jonny_setiawan2005@yahoo.com', 2010, 'Fakultas Teknik Sipil dan Lingkungan', 'Teknik Sipil'),
(61, 'Arief Sutanto', '1992-04-13', 'Jakarta', 'Tubagus Ismail 1/5a', '+6281317481660', 'arief_sutanto92@yahoo.com', 2010, 'Sekolah Arsitektur, Perencanaan dan Pengembangan Kebijakan', 'Arsitektur'),
(62, 'Erwin Hariadi', '1992-11-29', 'Palembang', 'Jl. Belitang no 1647 Palembang', '+628983056950', '', 2010, 'Fakultas Teknik Mesin dan Dirgantara', 'Teknik Mesin'),
(63, 'Suyanti  Hersanto', '1991-05-22', 'Medan', 'Jl. Ciumbuleuit no. 83', '+6282166006100', '', 2010, 'Fakultas Teknik Mesin dan Dirgantara', 'Teknik Material'),
(64, 'Andry', '1989-09-20', 'Pontianak', 'Jalan Tanjung Pura gg. 17 Indah 34 Pontianak', '+6285210979933', '', 2007, 'Sekolah Teknik Elektro dan Informatika', 'Teknik Elektro'),
(65, 'WidyaPutra', '1990-06-27', 'Sibolga', 'Jalan Tirtayasa 21 Bandung', '+6285270992882', '', 2008, 'Sekolah Ilmu dan Teknologi Hayati', 'Mikrobiologi'),
(66, 'WillyWijaya', '1993-02-14', 'Medan', 'Jl.Bukit Sari No 7, Bandung', '+6281361540735', '', 2009, 'Fakultas Teknik Mesin dan Dirgantara', 'Teknik Mesin'),
(67, 'Felix Jonathan', '1991-07-03', 'Bekasi', 'Jl. Cisitu Lama VII no 19/154b', '+628999834334', '', 2009, 'Fakultas Teknik Mesin dan Dirgantara', 'Teknik Mesin'),
(68, 'Sharon Loh', '1992-02-10', 'Jambi', 'Jalan Sultan Agung No.16 Jambi', '+6281994366093', '', 2010, 'Sekolah Teknik Elektro dan Informatika', 'Teknik Informatika'),
(69, 'Fudrin', '1992-12-12', 'Medan', 'Jl.Ciumbuleuit gg.Suhari No:124/155a', '+6281361279540', '', 2010, 'Fakultas Matematika dan Ilmu Pengetahuan Alam', 'Matematika'),
(70, 'Gunadi', '1993-02-11', 'Bandung', 'Jl. Mandala no 67 ', '+628997048398', '', 2010, 'Sekolah Ilmu dan Teknologi Hayati', 'Mikrobiologi'),
(71, 'Stephanie Natalia Tukiman', '1993-12-25', 'Pematangsiantar', 'jl.Tubagus Ismail vii no.9\r\nBandung', '+625275081991', '', 2011, 'Sekolah Farmasi', 'Sains dan Teknolgi Farmasi'),
(72, 'Herputra Labune Gunawan', '1991-07-31', 'Palembang', 'Jalan Cisitu Indah 3 No 6', '+6281994983088', '', 2009, 'Fakultas Teknik Mesin dan Dirgantara', 'Teknik Mesin'),
(73, 'Ferdie Tanuwijaya', '1993-02-13', 'Bandung, Jawa Barat', 'Jl. Mekar Sentosa No.10 Bandung', '+6282115389093', '', 2011, 'Sekolah Ilmu dan Teknologi Hayati', 'Mikrobiologi'),
(74, 'Davin Kurnia Wangsa', '1993-10-06', 'Jambi', 'Jalan Bukit Indah 9 Bandung', '+6281927465558', 'davin_wang@yahoo.com', 2011, 'Fakultas Matematika dan Ilmu Pengetahuan Alam', 'Matematika'),
(75, 'Jefri', '1991-10-27', 'Medan', 'Jl. Bukit Jarian no 5A Bandung', '+6285833721396', '', 2010, 'Fakultas Matematika dan Ilmu Pengetahuan Alam', 'Kimia'),
(76, 'Aji', '1992-11-06', 'Solo', 'Jl. Sultan Tirtayasa 43', '+6281329128728', '', 2010, 'Sekolah Teknik Elektro dan Informatika', 'Teknik Informatika'),
(77, 'Ronald Sukianto', '1992-04-15', 'Jakarta', 'Ciumbuleuit gang Bapa Muhari 72/73 Bandung 40141', '+6281808026380', '', 2010, 'Fakultas Teknik Mesin dan Dirgantara', 'Teknik Mesin'),
(78, 'Yudhistira Widyatma Rahman', '1992-05-19', 'Medan', 'cisitu lama ix no.32 Bandung', '081361421222', '', 2010, 'Fakultas Teknik Mesin dan Dirgantara', 'Aeronotika dan Astronotika'),
(79, 'Calvin Lo', '1992-11-04', 'Cirebon', 'Asrama ITB Jatinangor TB.1.3.11 (C 11)\r\nITB Jatinangor\r\nJln. Winaya Mukti 1\r\nJatinangor, Kabupaten Sumedang', '+628562332356', 'calvinloe.92@gmail.com', 2010, 'Sekolah Ilmu dan Teknologi Hayati', 'Rekayasa Hayati'),
(80, 'Arie Tando', '1991-11-26', 'Jambi', 'Jalan Bukit Sari 1A', '+6285664200110', 'arie.tando91@gmail.com', 2010, 'Sekolah Teknik Elektro dan Informatika', 'Teknik Informatika'),
(81, 'Julie Riyanti Teresa', '1991-07-10', 'Pematang Siantar', 'Jalan Taman Mutiara blok C4 no 12, Cimahi, Jawa Barat', '+628170210817', '', 2009, 'Fakultas Teknologi Industri', 'Teknik Industri'),
(82, 'Andita Nayassa', '1990-03-28', 'Bengkulu', 'Jln. Ciumbuleuit, Gg. Sukandi n0 5/155C', '+6281365465489', '', 2008, 'Fakultas Matematika dan Ilmu Pengetahuan Alam', 'Kimia'),
(83, 'Jasmiandy', '1993-01-18', 'Bengkalis', 'Jl. Kelapapati Laut no.14', '+6285265888484', '', 2010, 'Fakultas Teknologi Industri', 'Teknik Kimia'),
(84, 'Hadi Setiadi', '1992-12-01', 'Mataram', 'Bukit Sari 1A', '+6285737610111', '', 2010, 'Sekolah Teknik Elektro dan Informatika', 'Teknik Tenaga Listrik'),
(85, 'ravend', '1994-03-04', 'sumatera utara', 'jl bukit sari no 1a', '+6285296984849', 'ravendtandera@hotmail.co.id', 2011, 'Fakultas Teknik Sipil dan Lingkungan', 'Teknik Sipil'),
(86, 'Erwin Andrian Tanama', '1991-03-24', 'Tegal', 'bukit jarian 52 ciumbuleuit', '+6287823220026', '', 2009, 'Fakultas Teknologi Industri', 'Teknik Kimia'),
(87, 'Michael Teddy', '1992-09-08', 'Medan', 'cisitu', '+6287822862335', '', 2008, 'Fakultas Teknologi Industri', 'Teknik Industri'),
(88, 'Welsen Destifen', '1993-12-08', 'Jambi', 'Jl. Sersan Zuraida No.5 Jambi', '+628985345999', 'destifenwelsen@yahoo.co.id', 2011, 'Fakultas Teknologi Industri', 'Teknik Kimia'),
(89, 'Vinsont  Handoko', '1993-11-09', 'Medan', 'Jl.Bukit Sari no 1A,ciumbuleuit , bandung', '+627768138308', '', 2011, 'Fakultas Teknik Mesin dan Dirgantara', 'Teknik Material'),
(90, 'Fendy Setiawan', '1994-02-11', 'Jakarta', 'Jl. Cisitu Indah No. 17', '+6281808961893', '', 2011, 'Fakultas Teknik Sipil dan Lingkungan', 'Teknik Sipil'),
(91, 'Amelia Panca', '1993-04-26', 'Medan', 'Jln Bukit Sari 1A,Bandung', '+6281361236167', '', 2011, 'Fakultas Teknologi Industri', 'Teknik Kimia'),
(92, 'daniel ihsan', '1991-08-25', 'jakarta', 'agung barat 5 b4 no.6', '+628998844559', '', 2009, 'Fakultas Teknik Mesin dan Dirgantara', 'Teknik Mesin'),
(93, 'Ricky Jefri Aslim', '1993-02-18', 'Lubuk Pakam', 'Jalan Bijaksana III no. 7 bandung', '+6281973095763', '', 2010, 'Fakultas Teknik Sipil dan Lingkungan', 'Teknik Lingkungan'),
(94, 'marvello oni', '1990-05-06', 'Palembang', '...', '+628194818536', '', 2008, 'Sekolah Teknik Elektro dan Informatika', 'Teknik Informatika'),
(95, 'jeffry aditya c.w.', '1991-11-25', 'Bandung', 'Mohammad Toha 100', '+6285724046339', '', 2009, 'Fakultas Teknik Mesin dan Dirgantara', 'Teknik Mesin'),
(96, 'Haryanto', '1993-09-25', 'Banda Aceh', 'Jl.Cisitu Indah Baru No.8 , Bandung.\r\n\r\nJl. Teratai IV Blok C19, No.16, Taman Cibodas , Tangerang', '+628568665081', 'h4ryanto_25@yahoo.com', 2011, 'Fakultas Matematika dan Ilmu Pengetahuan Alam', 'Kimia'),
(97, 'Juandi', '1990-08-31', 'Bengkalis', 'Jalan Hangtuah No 082', '+6285271998182', '', 2008, 'Fakultas Matematika dan Ilmu Pengetahuan Alam', 'Kimia'),
(98, 'Hugo Hutomo Agus', '1991-10-28', 'Medan', 'Jl Sultan Tirtayasa 43', '+6281973020357', '', 2009, 'Fakultas Teknologi Industri', 'Teknik Kimia'),
(99, 'Iin', '1986-08-17', 'Palembang', 'Singapore', '+620000', '', 2004, 'Sekolah Teknik Elektro dan Informatika', 'Teknik Elektro'),
(100, 'Jonathan Suriadi', '1991-01-22', 'Bandung', 'Jl. Kalipah Apo 232a/22c\r\nBandung', '+62811225189', '', 2009, 'Fakultas Teknik Pertambangan dan Perminyakan', 'Teknik Metalurgi'),
(101, 'rosiana', '1990-08-06', 'Siak, Riau', 'jl. diponegoro, Sungai Apit', '+6285278172444', '', 2008, 'Fakultas Matematika dan Ilmu Pengetahuan Alam', 'Matematika'),
(102, 'Andi Setiawan', '1988-05-31', 'Lampung', 'Gresik', '+628197901018', '', 2006, 'Sekolah Teknik Elektro dan Informatika', 'Teknik Informatika'),
(103, 'Johan bunawan', '1989-12-22', 'Bandung', 'Taman kopo indah III A3 no 14 bandung', '+628997880778', '', 2008, 'Fakultas Matematika dan Ilmu Pengetahuan Alam', 'Matematika'),
(104, 'Pujianto Wira Pangestu', '1993-12-23', 'Jakarta', 'Jl. Sangkuriang no 10, Bandung', '+628990936383', '', 2011, 'Sekolah Teknik Elektro dan Informatika', 'Teknik Elektro'),
(105, 'Tommy Haryoko', '1991-11-10', 'Palembang', 'Jalan Ciumbuleuit No 139D', '+6281977878598', '', 2009, 'Fakultas Teknik Sipil dan Lingkungan', 'Teknik Sipil'),
(106, 'Andre Cuandra', '1990-02-27', 'Lubuklinggau', 'Jalan Panorama no. 27 Lubuklinggau, Sumatera Selatan', '+6287821962008', '', 2008, 'Fakultas Teknik Mesin dan Dirgantara', 'Teknik Mesin'),
(107, 'Albert Wiryawan', '1991-11-26', 'Jakarta', 'Ciumbuleuit 141', '+621808824854', '', 2009, 'Fakultas Teknik Pertambangan dan Perminyakan', 'Teknik Perminyakan'),
(108, 'pomto jaya', '1991-07-13', 'jambi', 'jl. cisitu lama Gg.IV No.19b cisitu lama, dago, bandung, jawa barat 40135', '+62997060948', '', 2009, 'Fakultas Teknik Pertambangan dan Perminyakan', 'Teknik Perminyakan'),
(109, 'Mustika', '1993-06-20', 'Lampung', 'Jl. Banten Indah blok A no 1, Bandar Lampung', '+6281977271687', '', 2011, 'Sekolah Ilmu dan Teknologi Hayati', 'Rekayasa Hayati'),
(110, 'Chandra', '1984-03-01', 'Medan', 'Bogor', '+628122098315', '', 2000, 'Fakultas Teknik Pertambangan dan Perminyakan', 'Teknik Metalurgi'),
(111, 'Youhan Pratama Febrianto', '1993-02-20', 'Purwakarta', 'Jln Pelesiran no 19', '+628568612399', '', 2011, 'Fakultas Teknik Sipil dan Lingkungan', 'Teknik Sipil'),
(112, 'Mery', '1994-05-12', 'jakarta', 'Jalan mustika no 36 jak-bar', '+628988101210', '', 2011, 'Fakultas Matematika dan Ilmu Pengetahuan Alam', 'Matematika'),
(113, 'Widison', '1993-04-26', 'Pekanbaru, Riau', 'Ciumbuleuit', '+6285265353672', '', 2010, 'Fakultas Matematika dan Ilmu Pengetahuan Alam', 'Fisika'),
(114, 'Victor Rusfandy', '1994-01-20', 'Pontianak', 'Jl. Ciumbuleuit No. 63', '+6287818284828', '', 2011, 'Fakultas Teknologi Industri', 'Teknik Kimia'),
(115, 'chandra muliawan', '1992-05-02', 'Bandung', 'Jalan Leuwi Panjang 5', '+6281320630777', '', 2011, 'Fakultas Teknologi Industri', 'Teknik Industri'),
(116, 'Shirley', '1990-09-15', 'Sukabumi', 'Jl. Pasar Ciwangi 28', '+62818226771', '', 2008, 'Sekolah Teknik Elektro dan Informatika', 'Teknik Informatika'),
(117, 'Susi Susanty', '1989-03-20', 'Sumatera Utara', 'Jl. Pemuda no. 49D Tanjung Pura, Langkat, Sumatera Utara', '+6281361312940', '', 2007, 'Sekolah Farmasi', 'Sains dan Teknolgi Farmasi'),
(118, 'stephanie_teteph', '1993-06-08', 'bandung', 'taman kopo indah', '+6285659237197', '', 2011, 'Sekolah Bisnis dan Manajemen', 'Manajemen'),
(119, 'Yena Saribhawani', '1990-05-30', 'Jakarta', 'Ciumbuleuit 113,Bandung', '+62817772172', '', 2008, 'Fakultas Teknologi Industri', 'Teknik Kimia'),
(120, 'Ferry Mulia', '1988-02-17', 'Jambi', 'Block 602 Clementi West Street 1 #05-28 Singapore 120602', '+6586115585', '', 2006, 'Sekolah Teknik Elektro dan Informatika', 'Teknik Informatika'),
(121, 'Tony Kosasih', '1990-09-20', 'Medan', 'Jln. Bukit Indah no.21 Ciumbuleuit Bandung 40141', '+628163111820', '', 2008, 'Fakultas Teknik Mesin dan Dirgantara', 'Teknik Mesin'),
(122, 'Herryanto', '1993-07-15', 'Medan', '-0-', '+6285762379177', '', 2011, 'Fakultas Teknik Mesin dan Dirgantara', 'Teknik Material'),
(123, 'Henny Susanty', '1992-05-02', 'Bintan, Kep. Riau', 'Ciumbuleuit Gg. H. Durahman 50J\r\nBandung', '+628566532446', 'hennysusanty.tan@yahoo.com', 2010, 'Fakultas Teknologi Industri', 'Teknik Kimia'),
(124, 'James', '1989-08-19', 'Bekasi', 'Pondok Gede', '+6285692285852', '', 2007, 'Fakultas Teknologi Industri', 'Teknik Industri'),
(125, 'Kevin Angriawan Pratama', '1992-10-05', 'Bandung', 'Jalan Sadang Hegar 23', '+6287886456825', '', 2009, 'Fakultas Teknik Pertambangan dan Perminyakan', 'Teknik Perminyakan'),
(126, 'Darwin', '1989-06-18', 'Medan', 'Jl. Ciumbuleuit Gg. Suhari No 96/155 C', '+6281933228033', '', 2008, 'Sekolah Teknik Elektro dan Informatika', 'Teknik Informatika'),
(127, 'Erwin Fungsidik', '1983-02-02', 'Medan', 'Jl. Pandu no. 67\r\nMedan - Sumatera Utara', '+628126318774', '', 2001, 'Sekolah Teknik Elektro dan Informatika', 'Teknik Elektro'),
(128, 'Hendra', '1990-04-25', 'Palembang', 'Jalan Ranca Bentang 2 no 3 Ciumbuleuit Bandung', '+6281927712990', '', 2008, 'Fakultas Teknik Sipil dan Lingkungan', 'Teknik Sipil'),
(129, 'Ellys Lim', '1990-02-22', 'Medan', 'Ciumbuleuit 157 Bandung', '+6281933400718', '', 2008, 'Fakultas Teknik Sipil dan Lingkungan', 'Teknik Sipil'),
(130, 'Osella Simen', '1991-08-02', 'Bandung', 'Gg. Ijan 14, Pungkur, Bandung', '+6281572363732', '', 2010, 'Sekolah Farmasi', 'Farmasi Klinik dan Komunitas'),
(131, 'Fredy Nilam', '1990-09-19', 'Palembang', 'jl. Rancabentang II no.3, ciumbuleuit, Bandung', '+6281929250517', '', 2008, 'Fakultas Matematika dan Ilmu Pengetahuan Alam', 'Matematika'),
(132, 'Toni Liawan', '1971-02-15', 'Sumut', 'Komp. Daan Mogot Baru\r\nJl. Gilimanuk Blok JD/48\r\nJakarta Barat', '0811856459', '', 1989, 'Fakultas Teknologi Industri', 'Teknik Kimia'),
(133, 'Yurika Johan', '1994-03-13', 'Pontianak', 'Bandung : Jl. Bukit Sari 1A, Ciumbuleuit\r\nPontianak : Jl. Ketapang 106', '+6287818201188', '', 2011, 'Sekolah Farmasi', 'Sains dan Teknolgi Farmasi'),
(134, 'Vicki Ardiansah', '1991-05-06', 'Dumai', 'Bpk Jali 19B', '+628562122008', '', 2008, 'Fakultas Teknik Sipil dan Lingkungan', 'Teknik Sipil'),
(135, 'hansen kesuma', '1992-08-05', 'Palembang', 'JL.ciumbuleuit 46 48', '+628197815788', '', 2010, 'Fakultas Matematika dan Ilmu Pengetahuan Alam', 'Matematika'),
(136, 'Woen Wely', '1991-02-25', 'Palembang', 'Jl. Rancabentang 2 No3A', '+6287821921698', '', 2008, 'Fakultas Matematika dan Ilmu Pengetahuan Alam', 'Fisika'),
(137, 'Noviana', '1993-11-25', 'Bandung', 'Gg. Sereh No. 217\r\nBandung', '+6285721195220', '', 2011, 'Sekolah Ilmu dan Teknologi Hayati', 'Mikrobiologi'),
(138, 'Efendi Gunawan', '1993-03-06', 'Jakarta', 'Tubagus Ismail 6 no 33', '+6281310107552', '', 2011, 'Fakultas Teknologi Industri', 'Teknik Kimia'),
(139, 'hans becker', '1991-09-24', 'jakarta', 'ciumbuleuit no 141', '+6281806978561', '', 2009, 'Fakultas Teknologi Industri', 'Teknik Kimia'),
(140, 'Yenita Fangny Cietra', '1993-11-27', 'Lampung', 'Jalan Maulana Yusup no 9', '+6285669945586', '', 2011, 'Sekolah Farmasi', 'Sains dan Teknolgi Farmasi'),
(141, 'Ferry', '1989-06-25', 'Jambi', 'Jl. Bukit Sari 1A, Ciumbuleuit, Bandung', '+628192460836', '', 2007, 'Fakultas Teknologi Industri', 'Teknik Industri'),
(142, 'michael freddy', '1995-02-04', 'dumai', 'jl. wira angun angun no.26', '+628989039388', '', 2012, 'Fakultas Teknik Sipil dan Lingkungan', 'Teknik Sipil'),
(143, 'Lukman Tirto Kosasih', '1994-04-14', 'Jakarta', 'Cisitu Indah Gang Masjid No.15/160C', '+6285888364286', '', 2012, 'Fakultas Teknologi Industri', 'Teknik Industri'),
(144, 'Kevin', '1994-08-16', 'Cilegon', 'Jl plesiran no.19 Bandung', '+6285780447782', 'kevincangjaya@yahoo.com', 2012, 'Fakultas Teknik Sipil dan Lingkungan', 'Teknik Sipil'),
(145, 'Maykel Gautama', '1995-05-17', 'Cilegon', 'Jl.Taman Hewan no 37', '+6281380439851', '', 2012, 'Fakultas Matematika dan Ilmu Pengetahuan Alam', 'Matematika'),
(146, 'indri angelia', '1995-03-01', 'bekasi', 'kanayakan bawah no.61', '+628994572606', '', 2012, 'Fakultas Matematika dan Ilmu Pengetahuan Alam', 'Matematika'),
(147, 'albert wilson', '1994-07-21', 'jakarta', 'kost 4s jl.ciheulang 15e', '+628170085766', '', 2012, 'Fakultas Teknologi Industri', 'Teknik Kimia'),
(148, 'Aristyo Limmulia', '1994-06-30', 'Jakarta', 'Jl Tubagus Ismail 15 No. 4', '+6287788053742', '', 2012, 'Fakultas Teknik Sipil dan Lingkungan', 'Teknik Sipil'),
(149, 'darwin prasetio', '1995-12-17', 'Medan', 'Ciumbuleuit 66', '+6285296670906', 'sayadarwin@hotmail.co.id', 2012, 'Sekolah Teknik Elektro dan Informatika', 'Sistem dan Teknologi Informasi'),
(150, 'Thedy', '1994-03-10', 'Medan', 'Jalan Bukit Tunggul Nomor4', '+62813707522229', '', 2012, 'Fakultas Teknik Sipil dan Lingkungan', 'Teknik Sipil'),
(151, 'melvin fonda', '1994-03-29', 'dki jakarta', 'cisitu indah 2 no 3', '+6287887470382', 'melvin_f1994@yahoo.com', 2012, 'Sekolah Teknik Elektro dan Informatika', 'Teknik Informatika'),
(152, 'Luciana', '1994-07-02', 'Medan', 'Jl. Ciumbuleuit Gg. Suhari No.124/155A', '+6287768677980', '', 2012, 'Fakultas Teknologi Industri', 'Teknik Kimia'),
(153, 'Evan William Chandra', '1994-03-28', 'Bandung', 'Taman Kopo Indah 1 Blok Q no.23, Kabupaten Bandung', '081322366188', '', 2012, 'Fakultas Matematika dan Ilmu Pengetahuan Alam', 'Matematika'),
(154, 'Fenilia Tamaratika', '1994-08-15', 'Bali', 'Jl. Cisitu Lama No. 3', '+6287862343282', '', 2012, 'Sekolah Arsitektur, Perencanaan dan Pengembangan Kebijakan', 'Arsitektur'),
(155, 'Tjendrawati Lontoh', '1995-01-10', 'gorontalo', 'jalan tubagus ismail 6 no.1', '+6281944021995', '', 2012, 'Sekolah Arsitektur, Perencanaan dan Pengembangan Kebijakan', 'Arsitektur'),
(156, 'Jefery', '1994-06-15', 'Jakarta', 'Jl.Cisitu Baru no.72', '+6281932354848', '', 2012, 'Sekolah Teknik Elektro dan Informatika', 'Teknik Elektro'),
(157, 'Vionita Atricia Wijaya', '1994-01-18', 'Bogor', 'Jl. Plesiran no. 17 Taman Sari Bandung', '+6287870118253', '', 2012, 'Fakultas Teknologi Industri', 'Teknik Kimia'),
(158, 'Elice Aldora Djamu', '1994-06-11', 'Medan', 'Jl. Taman Hewan', '+6285793131618', 'elice_aldora@ymail.com', 2012, 'Sekolah Ilmu dan Teknologi Hayati', 'Rekayasa Hayati'),
(159, 'deviana', '1994-12-10', 'tangerang', 'jalan kebon bibit barat no: 32b', '+6285795006265', '', 2012, 'Fakultas Teknologi Industri', 'Teknik Kimia'),
(160, 'Cherie Noven Winata', '1993-11-07', 'Medan', 'Jalan Ciumbuleuit NO. 93', '+628197255217', 'cherienw@hotmail.com', 2012, 'Fakultas Ilmu dan Teknologi Kebumian', 'Teknik Geologi'),
(161, 'Stevent', '1994-04-16', 'Pematangsiantar', 'Jalan Ciumbuleuit Gang Bapak Jali 18/155A', '+6283197524638', '', 2012, 'Fakultas Teknologi Industri', 'Teknik Kimia'),
(162, 'Leo Wijaya', '1994-09-05', 'Sibolga', 'Jalan CIumbeluit 32A', '+6287748020150', '', 2012, 'Fakultas Matematika dan Ilmu Pengetahuan Alam', 'Fisika'),
(163, 'Rio Dwi Putra', '1995-02-26', 'Palembang', 'Jl.Bukit Jarian No 19', '+6285664658195', '', 2012, 'Fakultas Teknik Sipil dan Lingkungan', 'Teknik Sipil'),
(164, 'Irvan ferdian Sunaryanto', '1994-05-25', 'dki jakarta', 'Wira angun angun', '+6287888884399', '', 2012, 'Fakultas Teknik Sipil dan Lingkungan', 'Teknik Sipil'),
(165, 'julius', '1993-07-04', 'kuala simpang', 'jalan ranca bentang 2 nomor 3\r\n', '+6285370458772', '', 2012, 'Fakultas Teknologi Industri', 'Teknik Fisika'),
(166, 'Kevin Christian', '1994-06-30', 'Jakarta', 'Jl. Imam Bonjol No. 47', '+621818605278', '', 2012, 'Fakultas Teknologi Industri', 'Teknik Kimia'),
(167, 'Anthony', '1994-07-03', 'Pontianak', 'Jl. Suhari No. 95/155A Ciumbuleuit\r\n', '+6282153698885', 'angel_vanx@yahoo.com', 2012, 'Sekolah Teknik Elektro dan Informatika', 'Teknik Elektro'),
(168, 'Steven Lie', '1994-09-02', 'Pontianak', 'Jalan Ciumbulueit,gg ranca bentang 2 no 3', '+6289693296647', '', 2012, 'Fakultas Teknik Pertambangan dan Perminyakan', 'Teknik Perminyakan'),
(169, 'Damian Dion Salam', '1994-02-18', 'Pontianak', 'Jalan Juanda Komplek Dago Asri D1 No 1', '+6282150451126', '', 2012, 'Fakultas Teknik Pertambangan dan Perminyakan', 'Teknik Perminyakan'),
(170, 'Jimmy Widata', '1995-04-04', 'Jambi', 'jalan kebon bibit barat 1 no 52', '+6285366525352', '', 2012, 'Sekolah Ilmu dan Teknologi Hayati', 'Biologi'),
(171, 'Melvin Winata', '1994-04-10', 'Medan', 'Jl. Ciumbuleuit Gg. Suhari No. 96C/144A', '+6287768321141', '', 2012, 'Sekolah Arsitektur, Perencanaan dan Pengembangan Kebijakan', 'Arsitektur'),
(172, 'Wirianto Witarsa', '1994-04-22', 'Sumatera Utara ', 'Jl. Tubagus Ismail 7 no.9', '+6285760810470', '', 2012, 'Sekolah Arsitektur, Perencanaan dan Pengembangan Kebijakan', 'Arsitektur'),
(173, 'Kent Lie Channiago', '1994-02-20', 'Batam', 'kebon bibit utara 141', '+6285668454555', '', 2012, 'Fakultas Teknik Pertambangan dan Perminyakan', 'Teknik Perminyakan'),
(174, 'Athalia Jesslyn Wijaya', '1993-08-03', 'bandung', 'Jl.muara timur no 32', '+6281322043838', '', 2012, 'Fakultas Teknologi Industri', 'Teknik Kimia'),
(175, 'Rivaldi', '1994-09-22', 'Medan', 'Cisitu Indah V Dalam No.76 A', '+628974710404', '', 2012, 'Fakultas Teknik Sipil dan Lingkungan', 'Teknik Sipil'),
(176, 'Adriandi', '1994-07-02', 'Bekasi', 'jalan ciembeleuit no 66', '+6285697716833', '', 2012, 'Fakultas Matematika dan Ilmu Pengetahuan Alam', 'Kimia'),
(177, 'vivian maretina', '1994-03-19', 'bogor', 'jl rangga gempol no 9', '+628161363516', '', 2012, 'Fakultas Seni Rupa dan Desain', 'Desain Produk'),
(178, 'Mario Hartono', '1994-04-03', 'Pontianak', 'Jalan Gempol Wetan No 217', '+6287818366933', '', 2012, 'Fakultas Teknik Sipil dan Lingkungan', 'Teknik Sipil'),
(179, 'Thomas Gunardi', '1994-03-12', 'Jakarta', 'Jl. Bandengan Utara 1 No. 2 GG. Langgar', '+628989212500', '', 2012, 'Fakultas Teknologi Industri', 'Teknik Kimia'),
(180, 'Martin', '1994-05-26', 'Batam', 'Sangkuriang 67/154 E\r\n\r\n\r\n', '+6285765565366', '', 2012, 'Sekolah Farmasi', 'Sains dan Teknolgi Farmasi'),
(181, 'Kevin Sanjaya', '1994-08-19', 'Jakarta', 'Jalan Dago Asri I Blok D1 No 1', '+6281316666198', '', 2012, 'Fakultas Teknik Mesin dan Dirgantara', 'Teknik Mesin'),
(182, 'Ifan Murdiyadi', '1994-12-15', 'Sungai Pakning, Riau', 'Jalan Pelesiran Nomor 19 B RT/RW 004/010, Kecamatan Bandung Wetan', '+6285311537583', '', 2012, 'Fakultas Teknologi Industri', 'Teknik Kimia'),
(183, 'Chandra Dewi', '1994-12-17', 'Cirebon', 'Jl Ciumbuleuit 103', '+6283823112921', '', 2012, 'Fakultas Ilmu dan Teknologi Kebumian', 'Teknik Geologi'),
(184, 'Kendrick Winata', '1994-09-28', 'Medan', 'jl.ciumbuleuit gg. bapak jali', '+628972877464', '', 2012, 'Fakultas Teknik Sipil dan Lingkungan', 'Teknik Sipil'),
(185, 'Andre Susanto', '1994-07-08', 'Tangerang', 'Jalan Cisitu Indah 5 Dalam No 72\r\nBandung', '+628568906325', '', 2012, 'Sekolah Teknik Elektro dan Informatika', 'Teknik Informatika'),
(186, 'Kevin Yudi Utama', '1994-06-07', 'Medan', 'Jl.ciumbuleuit Gg U sukandi No.29/155c', '+6287731802871', '', 2012, 'Sekolah Teknik Elektro dan Informatika', 'Teknik Informatika'),
(187, 'Willy', '1994-04-25', 'Medan', 'Jalan Ciumbeluit GG Suhari 96C\r\nBandung', '+6281361714046', '', 2012, 'Sekolah Teknik Elektro dan Informatika', 'Teknik Informatika'),
(188, 'Theon Kimady Tanu', '1994-02-20', 'Jakarta', 'Jalan Cisitu Indah No 17', '+628170774056', '', 2012, 'Fakultas Teknik Mesin dan Dirgantara', 'Teknik Mesin'),
(189, 'Corwin Rudly', '1994-12-11', 'Pekanbaru', 'Jalan Bukit Sari no.16', '+6287867235834', '', 2012, 'Fakultas Teknologi Industri', 'Teknik Kimia'),
(190, 'Felix Wuisana', '1994-11-15', 'Gorontalo', 'Jalan Tubagus Ismail 7 No 9', '+6285240029228', '', 2012, 'Fakultas Teknik Sipil dan Lingkungan', 'Teknik Sipil'),
(191, 'Widi Suganda', '1995-10-13', 'Pekanbaru, Riau', 'Jalan Tubagus Ismail 2 No. 10 Bandung', '+6281276093355', '', 2012, 'Fakultas Teknologi Industri', 'Teknik Kimia'),
(192, 'winaldi agustianto', '1994-08-05', 'medan', 'jalan bukit tunggul nomor 4', '+6285762338733', '', 2012, 'Fakultas Teknik Mesin dan Dirgantara', 'Teknik Mesin'),
(193, 'Winner', '1994-06-20', 'Medan', 'jln. Bukit Tunggul no. 4', '+6287868823699', '', 2012, 'Fakultas Teknologi Industri', 'Teknik Industri'),
(194, 'Eddyanto Salim', '1994-07-23', 'Medan', 'jl. Ciumbulueit Gg U Sukandi no 29/155C', '+6287821579099', '', 2012, 'Fakultas Teknik Sipil dan Lingkungan', 'Teknik Sipil'),
(195, 'Ricky', '1994-05-31', 'Medan', 'Jl. Bukit Sari no :16', '+62819841677', '', 2012, 'Fakultas Teknologi Industri', 'Teknik Kimia'),
(196, 'Andy', '1994-10-19', 'Medan', 'Jl. Tubagus Ismail 7 No.9', '+628972869994', '', 2012, 'Fakultas Teknik Sipil dan Lingkungan', 'Teknik Sipil'),
(197, 'Robert', '1994-08-01', 'Pontianak', 'jalan ciumbuleuit Gang Suhari No 95', '+6289693215093', '', 2012, 'Fakultas Teknik Mesin dan Dirgantara', 'Teknik Mesin'),
(198, 'Felicia Christie', '1994-11-27', 'Medan', 'Jl. Tubagus Ismail XV no. 4', '+628566369311', '', 2012, 'Sekolah Teknik Elektro dan Informatika', 'Teknik Informatika'),
(199, 'Andrey Simaputera', '1994-10-22', 'Tangerang', 'Jalan Tubagus Ismail V nomor 2A', '+6285694797040', '', 2012, 'Sekolah Teknik Elektro dan Informatika', 'Teknik Informatika'),
(200, 'Jan Wira Gotama Putra', '1994-11-04', 'Bali', 'Dago Asri blok b-30', '+628563734273', 'gotamaw@gmail.com', 2012, 'Sekolah Teknik Elektro dan Informatika', 'Teknik Informatika'),
(201, 'stephen', '1994-11-18', 'Medan', 'Jalan Tubagus Ismail 5 no.2A', '+6281513765370', '', 2012, 'Sekolah Teknik Elektro dan Informatika', 'Teknik Informatika'),
(202, 'Eric', '1994-06-28', 'Medan', 'Jl. Tubagus Ismail 7 No. 9', '+6285262312602', '', 2012, 'Sekolah Teknik Elektro dan Informatika', 'Teknik Informatika'),
(203, 'Rey Andreson', '1994-12-11', 'Palembang', 'Jalan Ranca Bentang II No. 3 A\r\nCiumbuleuit - Bandung', '+6281930600192', '', 2012, 'Fakultas Teknik Sipil dan Lingkungan', 'Teknik Sipil'),
(204, 'Winson Waisakurnia', '1994-05-25', 'Medan', 'Jl. Ciumbuleuit gg. U sukandi No.29', '+6285262816093', '', 2012, 'Sekolah Teknik Elektro dan Informatika', 'Teknik Informatika'),
(205, 'E;vira Sari', '1995-04-08', 'Palembang', 'Jl. Cisitu Indah 1 no.8', '+621377552228', '', 2012, 'Sekolah Farmasi', 'Sains dan Teknolgi Farmasi'),
(206, 'Lisa Marsella', '1995-03-15', 'Palembang', 'jl. cisitu indah 1 no 8', '+628992360161', '', 2012, 'Sekolah Farmasi', 'Sains dan Teknolgi Farmasi'),
(207, 'kevin', '1994-03-11', 'medan', 'jln bukit tunggul no 4', '+6285275712045', '', 2012, 'Sekolah Teknik Elektro dan Informatika', 'Teknik Informatika'),
(208, 'Candra Harja', '1993-12-09', 'Bandung', 'MuaraBarat II no 6', '+6281910383918', '', 2012, 'Fakultas Teknik Pertambangan dan Perminyakan', 'Teknik Pertambangan'),
(209, 'Kelvin', '1994-02-22', 'medan', 'Tubagus Ismail 7 no 9', '+6283199222002', '', 2012, 'Fakultas Teknik Mesin dan Dirgantara', 'Teknik Mesin'),
(210, 'Alfred Andry', '1994-02-12', 'pematangsiantar', 'jalan. bukit jarian no. 15', '+6287749273695', '', 2012, 'Fakultas Matematika dan Ilmu Pengetahuan Alam', 'Matematika'),
(211, 'calvin sadewa', '1995-12-28', 'Rantauprapat', 'jl.dago timur no 11.A bandung', '082364996779', '', 2012, 'Sekolah Teknik Elektro dan Informatika', 'Teknik Informatika'),
(212, 'hanli wijaya', '1994-11-13', 'lampung', 'jalan plesiran 19', '+622183171956', '', 2012, 'Fakultas Teknik Sipil dan Lingkungan', 'Teknik Sipil'),
(213, 'Triani Herlina Dewi', '1994-10-06', 'Bali', 'Jl. cisitu Indah 2 ,Bandung', '085739205771', '', 2012, 'Fakultas Teknik Sipil dan Lingkungan', 'Teknik Sipil'),
(214, 'Robby', '1993-09-30', 'Bekasi', 'Jl.Duta 1 Blok SS no 6 Kemang Pratama Bekasi', '+628998046783', '', 2012, 'Fakultas Teknik Pertambangan dan Perminyakan', 'Teknik Pertambangan'),
(215, 'Clairine Chrestella', '1994-07-01', 'Palembang', 'Jalan Cisitu Indah 1 No.8', '+6287897665175', '', 2012, 'Fakultas Teknologi Industri', 'Teknik Kimia'),
(216, 'katrine siska', '1994-02-18', 'Pontianak', 'jl.alpina no.9 pontianak', '+6285252133399', '', 2012, 'Fakultas Teknik Pertambangan dan Perminyakan', 'Teknik Pertambangan'),
(217, 'jordi lokanata', '1994-04-13', 'tanjungpinang Kepri', 'jalan sangkuriang dalam no. 55', '+625658025001', 'jordi_lokanata@yahoo.com', 2012, 'Fakultas Teknik Pertambangan dan Perminyakan', 'Teknik Perminyakan'),
(218, 'Ferdyanto Chandra', '1994-02-14', 'Palembang', 'Jl. Bukit sari No. 1A', '+628992364471', 'ferdyantochandra@yahoo.co.id', 2012, 'Fakultas Matematika dan Ilmu Pengetahuan Alam', 'Matematika'),
(219, 'Radite Viriya Winata', '1990-08-19', 'Bandung', 'Batununggal Molek II nomor 92', '+6281910104166', '', 2009, 'Fakultas Teknik Mesin dan Dirgantara', 'Teknik Mesin'),
(220, 'Arif Wijaya', '1994-06-16', 'Bandung', 'Taman Kopo Indah 1 M-76', '+6285721617899', '', 2012, 'Fakultas Matematika dan Ilmu Pengetahuan Alam', 'Fisika'),
(221, 'Yohandi Alvianto', '1994-06-08', 'Jakarta', 'Jl. Rangga Gempol no.9', '+629635688435', '', 2012, 'Sekolah Arsitektur, Perencanaan dan Pengembangan Kebijakan', 'Arsitektur'),
(222, 'Victor Halim', '1994-03-02', 'Bengkalis, Riau ', 'Apartemen Sudirman Park A/18/CC\r\nJln. K.H.M.Mansyur ', '+628176977034', '', 2011, 'Fakultas Teknologi Industri', 'Teknik Industri'),
(223, 'Prasetio Wilfandi', '1994-07-25', 'Jambi', 'Jalan Ciumbuleuit No. 93 Bandung', '+6281910246886', 'wilfandiprasetio@gmail.com', 2012, 'Fakultas Teknologi Industri', 'Teknik Kimia'),
(224, 'Pedrick Pratama', '1995-02-15', 'cirebon', 'jl. tubagus ismail V no 34', '+627728978765', '', 2012, 'Fakultas Teknologi Industri', 'Teknik Kimia'),
(225, 'Eric Aria Fernandez', '1993-07-11', 'Batam, Kepri', 'Jl. Cisitu Indah Baru no.8', '+6285765510680', '', 2011, 'Sekolah Farmasi', 'Farmasi Klinik dan Komunitas'),
(226, 'anderson', '1993-11-11', 'Medan', 'jalan tubagus ismail 7 no 9', '+6285760567281', '', 2012, 'Fakultas Matematika dan Ilmu Pengetahuan Alam', 'Fisika'),
(227, 'george gilbert mattew', '1994-10-29', 'palembang', 'ciumbuleuit gg suhari no 95/ 155 A', '+628277553954', 'georgegilbert.mattew@yahoo.co.id', 2012, 'Fakultas Teknik Sipil dan Lingkungan', 'Teknik Sipil'),
(228, 'Tony', '1995-07-09', 'Jakarta', 'Jl. Cisitu Baru Dalam no. 72', '+6285717566229', '', 2012, 'Sekolah Teknik Elektro dan Informatika', 'Teknik Informatika'),
(229, 'Heryanto Mardi', '1993-12-03', 'Medan', 'Jln.Ir.H.Juanda no.23 Medan 20159', '+6287867743407', 'heryanto_mardi_sagi93cool@yahoo.com', 2012, 'Fakultas Teknik Sipil dan Lingkungan', 'Teknik Sipil'),
(230, 'Wahyuni', '1994-07-03', 'Jakarta', 'Jalan Pisangan Lama II Blok A no 5', '+6281281398299', '', 2012, 'Fakultas Teknologi Industri', 'Teknik Kimia'),
(231, 'yongky sanjaya', '1994-11-30', 'tangerang', 'jl cisitu indah v dalam no 70 a', '+6281585833579', '', 2012, 'Fakultas Teknik Sipil dan Lingkungan', 'Teknik Sipil'),
(232, 'Tommy Anglomas', '1994-12-27', 'Medan', 'jl. Ciumbuleuit gg Abah Nursai No.155a/6', '+6281263735145', '', 2012, 'Fakultas Teknologi Industri', 'Teknik Industri'),
(233, 'Ivan Wiradana', '1994-06-19', 'Jakarta', 'JL TERUSAN SANGKURIANG NO 46', '+628999963575', '', 2012, 'Fakultas Matematika dan Ilmu Pengetahuan Alam', 'Matematika'),
(234, 'Eldwin Christian', '1995-12-22', 'Jambi', 'jl kebon bibit barat I no 52 Bandung', '+6285795156576', 'skylibrary.copo@gmail.com', 2012, 'Sekolah Teknik Elektro dan Informatika', 'Teknik Informatika'),
(235, 'Adrian Hartanto Tandias', '1994-06-19', 'Kediri,Jawa Timur', 'Jl. Cisitu Lama No.34', '+62818962476', '', 2012, 'Fakultas Teknologi Industri', 'Teknik Kimia'),
(236, 'susanti gojali', '1994-02-11', 'jakarta', 'jalan tubagus ismail 7 no 15', '+6281905153850', '', 2012, 'Sekolah Teknik Elektro dan Informatika', 'Teknik Informatika'),
(237, 'Tania Sunaryo', '1993-12-30', 'Bandung', 'Jl. Bukit Pakar Timur no. 30 40198', '+62081809388845', '', 2012, 'Fakultas Seni Rupa dan Desain', 'Desain Interior'),
(238, 'Setiawan', '1992-07-11', 'Tarakan', 'Jl.Bukitindah 21 Ciumnbuleuit', '+6285752139789', '', 2009, 'Fakultas Teknik Pertambangan dan Perminyakan', 'Teknik Perminyakan'),
(239, 'Radite Viriya', '1990-08-19', 'Bandung', 'Batununggal', '+6281910104166', '', 2009, 'Fakultas Teknik Mesin dan Dirgantara', 'Teknik Mesin'),
(240, 'sanat ariyakumara', '1990-09-26', 'Jakarta', 'Jalan Sangkuriang G1 Bandung', '+6285692269948', 'sanatariya@gmail.com', 2008, 'Fakultas Teknik Mesin dan Dirgantara', 'Teknik Mesin'),
(241, 'woenwely', '1991-02-25', 'Palembang', 'Ciumbuleit', '+6282182473755', '', 2008, 'Fakultas Matematika dan Ilmu Pengetahuan Alam', 'Fisika'),
(242, 'Nurvia Sary', '1991-09-14', 'Pontianak', 'Jalan Pahlawan Gang mentok no. 16', '+6285654412586', '', 2009, 'Fakultas Teknologi Industri', 'Teknik Kimia'),
(243, 'Christanto', '1991-12-25', 'Medan', 'Jl Ciumbuleuit Gg Durahman 116', '+6283820454691', '', 2009, 'Sekolah Farmasi', 'Sains dan Teknolgi Farmasi'),
(244, 'Nyoman Triani Herlina Dewi', '1994-10-06', 'Bali', 'Jl. Cisitu Indah 2 3A', '085739205771', '', 2012, 'Fakultas Teknik Sipil dan Lingkungan', 'Teknik Sipil'),
(245, 'Catherine Hadibowo', '1993-01-05', 'Jawa Barat', 'Munding Laya no.4 Bandung', '+6281564798566', '', 2010, 'Fakultas Seni Rupa dan Desain', 'Desain Interior'),
(246, 'Donny', '1992-05-18', 'Tarakan', 'Jl Bukit Indah no 21', '+6287778881318', '', 2010, 'Fakultas Matematika dan Ilmu Pengetahuan Alam', 'Matematika'),
(247, 'Lani Diana', '1993-07-10', 'Cirebon', 'Jalan Ciumbeleuit 103', '+6281804680785', '', 2011, 'Sekolah Ilmu dan Teknologi Hayati', 'Mikrobiologi'),
(249, 'Chan Jimmy Chandra', '1994-07-01', 'Balikpapan', 'Jalan Tubagus Ismail IX no. 5', '+6287882340129', '', 2011, 'Fakultas Teknik Pertambangan dan Perminyakan', 'Teknik Pertambangan'),
(250, 'Jefri', '1991-10-27', 'Medan', 'Jalan Bukit Jarian no 5A', '+6285833721396', '', 2010, 'Fakultas Matematika dan Ilmu Pengetahuan Alam', 'Kimia'),
(251, 'Edwin Ekasaputra Setiawan  ', '1993-08-31', 'Tangerang', 'Jl. Wira angun-angun no. 28 citarum', '+62817719938', '', 2011, 'Sekolah Arsitektur, Perencanaan dan Pengembangan Kebijakan', 'Arsitektur'),
(252, 'Edwin', '1994-05-22', 'Medan', 'Jl. Ciumbuleuit Gg. Suhari 96-C', '+6287869589889', '', 2012, 'Sekolah Bisnis dan Manajemen', 'Manajemen'),
(253, 'Sugiyanto', '1991-06-25', 'Medan', 'Jl. Sukalestari I No.3 (Surya Sumantri)\r\nKelurahan Sukawarna\r\nKecamatan Sukajadi', '+6285270975565', 'sugi_hao@hotmail.com', 2009, 'Fakultas Teknik Sipil dan Lingkungan', 'Teknik Sipil'),
(254, 'katrine siska', '1994-02-18', 'pontianak', 'jl.alpina no.9', '+6285252133399', 'katrine.siska@yahoo.com', 2012, 'Fakultas Teknik Pertambangan dan Perminyakan', 'Teknik Pertambangan'),
(255, 'Tommy Anglomas', '1994-12-27', 'Medan', 'Jl. ciumbuleuit gg abah nursai no155a/6 , Bandung', '+6281263735145', '', 2012, 'Fakultas Teknologi Industri', 'Teknik Industri'),
(256, 'James Mustafa', '1982-08-17', 'Palembang', 'BSD, Serpong', '+628170842123', '', 2000, 'Fakultas Matematika dan Ilmu Pengetahuan Alam', 'Fisika'),
(257, 'Teguh Aditanoyo', '1995-01-23', 'Solo', 'Jl Rancabentang 1 no 17 Ciumbuleuit, Bandung', '+6283866335522', 'teguh.aditanoyo@gmail.com', 2012, 'Fakultas Teknologi Industri', 'Teknik Fisika'),
(258, 'Shirly', '1990-09-16', 'Jakarta', 'Jalan Mangga Besar IV selatan no. 58 A', '+6287825080639', 'shirly_he@yahoo.com', 2008, 'Sekolah Farmasi', 'Sains dan Teknolgi Farmasi'),
(259, 'Nanie Intan Pratiwi', '1992-06-14', 'Palembang', 'Jalan Nyoman Ratu No. 1275 Palembang 30129', '+6281808101385', 'luce_nanie@yahoo.com', 2009, 'Fakultas Teknik Sipil dan Lingkungan', 'Teknik Sipil'),
(260, 'Susan Addyantina', '1991-03-18', 'Medan', 'Jl. Bijaksana 12A, Bandung', '+628197409098', 'susan_addyantina@ymail.com', 2008, 'Sekolah Farmasi', 'Sains dan Teknolgi Farmasi'),
(261, 'Nelly Setiawaty', '1991-08-28', 'Riau', 'Jalan Kulim no 61 A', '+6287822883308', 'nelly_setiawaty@yahoo.co.id', 2008, 'Sekolah Farmasi', 'Sains dan Teknolgi Farmasi'),
(262, 'Johannes Angkawijaya', '1991-07-02', 'MedaN', 'Jl Deli Indah x no 17 / A ', '+628126511988', 'jangkawijaya@gmail.com', 2010, 'Sekolah Ilmu dan Teknologi Hayati', 'Mikrobiologi');

--
-- Dumping data for table `tbl_profiles_fields`
--

INSERT IGNORE INTO `tbl_profiles_fields` (`id`, `varname`, `title`, `field_type`, `field_size`, `field_size_min`, `required`, `match`, `range`, `error_message`, `other_validator`, `default`, `widget`, `widgetparams`, `position`, `visible`) VALUES
(2, 'name', 'Nama', 'VARCHAR', 100, 3, 1, '', '', 'Incorrect First Name (length between 3 and 50 characters).', '', '', '', '', 0, 3),
(3, 'tgllahir', 'Tanggal Lahir', 'DATE', 0, 0, 1, '', '', 'Incorrect Date', '', '', '', '', 1, 3),
(4, 'asal', 'Asal Daerah', 'VARCHAR', 20, 0, 1, '', '', 'Asal Daerah salah', '', '', '', '', 2, 3),
(5, 'alamat', 'Alamat', 'TEXT', 200, 0, 1, '', '', 'Incorrect Address', '', '', '', '', 3, 3),
(6, 'hp', 'Nomor Handphone', 'VARCHAR', 20, 4, 1, '/^[+0-9_]+$/u', '', 'Nomor handphone tidak valid', '', '', '', '', 4, 3),
(7, 'angkatan', 'Angkatan', 'INT', 4, 0, 1, '', '1987-2200', 'Incorrect Input', '', '', '', '', 6, 3),
(8, 'fakultas', 'Fakultas', 'fakul', 100, 0, 1, '', '', 'Fakultas tidak ditemukan', '', '', '', '', 7, 3),
(9, 'jurusan', 'Jurusan', 'jurus', 100, 0, 1, '', '', 'Jurusan salah', '', '', '', '', 8, 3),
(10, 'email', 'Alamat Email', 'VARCHAR', 100, 5, 1, '/^[0-9a-zA-Z]([-\\.\\w]*[0-9a-zA-Z])*@([0-9a-zA-Z][-\\w]*[0-9a-zA-Z]\\.)+[a-zA-Z]{2,9}$/u', '', 'Format email tidak valid', '', '', '', '', 5, 3);

--
-- Dumping data for table `tbl_users`
--

INSERT IGNORE INTO `tbl_users` (`id`, `username`, `password`, `create_at`, `lastvisit`, `superuser`) VALUES
(1, 'admin', 'b2c652eb8126bd132dbbbd725ead80a2', 2012, 1352817282, 2),
(10, 'egak', '2c8ef8de24ccfab0b21388b31b204b76', 1334713882, 1352803123, 2),
(11, 'marefix750', '6b59a3269304257d33e5fa0a051f1450', 1334716517, 1351326541, 0),
(12, 'wilsonfonda', 'a88cf1beb39e48c298696195ae7de6eb', 1334716814, 1340356291, 0),
(13, 'darwinch', '209b01d5d9b045d8cbcc9311e661e94d', 1335101127, 1351777894, 1),
(14, 'kevinkusnadi', 'e6587eec6c43dac496c4b728f0ade965', 1335105694, 1349182341, 1),
(15, 'ViviLie', 'e97b50743d617002df9cfb1c3b9f91c1', 1335105764, 1349057465, 1),
(16, 'Rintxx', '8edcc4036fd41dc6849f60970de9b8dc', 1335105800, 1351360109, 1),
(17, 'xue93', 'cbf38cf0ca811da8d8f562166a80da40', 1335105934, 1349326578, 1),
(18, 'Aad', '86f7b08f6add3209ec3425a4219e6d29', 1335105962, 1350635787, 1),
(19, 'aldrich888', '349cd63af845d0343d432983f2141b47', 1335105990, 1348799034, 0),
(20, 'deonardo', '3e1a2cffe01e60b1e8a576f6bab376d4', 1335106027, 1335106041, 0),
(21, 'sa666', '4b54dabfe2950753d2e069c58351b6f6', 1335106089, 0, 0),
(22, 'li_xia', '1a924dd1aeab10f9332e59f683404c05', 1335106282, 1351414117, 0),
(23, 'sheycikey', '6b191f7b73cdf141d319eb5096f9f835', 1335106463, 1335106491, 0),
(24, 'Kinata', '78c9d81910949d4d21ef3be4014bbc6c', 1335106466, 0, 0),
(25, 'nicho', '2f3f81dcd9b606f7bfa3e5496f17664c', 1335106504, 1349010251, 1),
(26, 'argayasagotama', '753b12f2953f135aa3067cd3ccc5602b', 1335106570, 1335464695, 0),
(27, 'ocvi1002', '8dab84211a61eff1ec9369728513fa71', 1335106614, 1351341321, 1),
(28, 'hanskurniawan', '3299e29b04a2074fb37a33afb090f35d', 1335106816, 1335106872, 0),
(29, 'Gunawan', '1bf05f95f6558d6ab80249a435d6edf1', 1335106816, 1351428336, 0),
(30, 'iskandarsetiadi', '759797edcfc1b9061b2979501bd2f371', 1335107019, 1351316702, 0),
(31, 'lydia_ignacia', '672019232bb67a6180c62670b220c3a7', 1335107281, 1351768122, 0),
(32, 'Danny_Wong', '5966d4d36075b7a63f5ebf506f183fd7', 1335107523, 1335107544, 0),
(33, 'dragoon20', 'e91e6348157868de9dd8b25c81aebfb9', 1335107616, 1351528941, 0),
(34, 'devi_permatasari', '217dae8a70c46cac467260e5b57f02f3', 1335107654, 1351695439, 0),
(35, 'frengky', '105879dfb7553a7eec008e9a0999ea3e', 1335108182, 1335108215, 0),
(36, 'kingtriplek', '7402e8d0b1222795c6235c8146a6663d', 1335113697, 1348856057, 0),
(37, 'Fredy_T', '7e2c4fe3d56bd7166498e7b4de75aadb', 1335145836, 0, 0),
(38, 'merina', 'a6313405d7d34459bca505ebc6cebd93', 1335154064, 1350610733, 2),
(39, 'tata', '91ff3b9b7bd44ae6ce6535b8c008e18e', 1335162209, 1335162222, 0),
(40, 'cyntia', 'fb09133df75a74409e7b2c9e43fb0fe1', 1335162799, 1348827252, 0),
(41, 'joewira', '55338bf7b4c4222ea78877cc4739358b', 1335162936, 0, 0),
(42, 'rennymeylia', '7eaa272f4bbe0ac489f4a6019177a843', 1335183882, 1351338428, 1),
(43, 'yulialieyanda', '3f28796269e4aa78a6ae8efbcb147fbc', 1335185141, 1351316785, 0),
(44, 'ajojing', '189a29464be370cf027c652f3dd5413e', 1335186269, 1351318845, 0),
(45, 'Lacondra', '4500f39764afc57f29ad1dc1657b318c', 1335189372, 1351317325, 0),
(46, 'joe_dean', '99dd471d8d1ac9f2b46c09c98e555aab', 1335192901, 1349179713, 0),
(47, 'seeallover', '60158ec4040abbe9fca9618c0ce13bbe', 1335193616, 1335539501, 0),
(48, 'shibao99', '248f0d1336bd3f91c89684be233c7a14', 1335201622, 1348826355, 0),
(49, 'siska_sf', 'a18a0ffc7c8786519fb36fcb007a63a7', 1335212981, 1350554418, 2),
(50, 'Jojo', 'b670a60775f6557e50c89b82012db6c4', 1335221554, 1335221569, 0),
(51, 'vonny', '809f7407b69fa95c185d4a159c94deef', 1335227405, 1335227423, 0),
(52, 'prillycia', '6cb127074918f61fa304c0aafa9c2738', 1335228948, 1348963655, 0),
(53, 'Niko_Ep', '9c3868e2c024065d9a83b58b21ac4c3c', 1335230276, 1350549973, 0),
(54, 'Wenwen', 'cbf5360720937b180da2b53612163a3f', 1335277599, 1352308726, 1),
(55, 'emilydy', 'ced6248083272ae0d203445d8fe17526', 1335287113, 1351326399, 1),
(56, 'davidlim457', '4934d4a13ed758d66aed40900c9718df', 1335313356, 0, 0),
(57, 'FreddyM', '1c020611e3b753925ffc8af8745c0556', 1335335744, 1349009381, 0),
(58, 'willychess', 'e1809a54d9246d4200a64b92e0a21365', 1335357071, 1348839503, 0),
(59, 'marthamonica', 'cfb39cf0ca09b0f740ba6ea29ed96c1a', 1335435205, 1348801883, 0),
(60, 'Jonny', '8a7ef1c3e82395341b7000b79c239eb4', 1335456914, 1351337449, 1),
(61, 'ariefsutanto', 'e6e5297a9923ae84f281ff78882960a4', 1335462288, 1351316847, 0),
(62, 'erwinhariadi', '2758464d20ea61bbb162f6f0eb67576e', 1335463075, 1348933774, 0),
(63, 'suih', '87bb03fe4259f908cd61c35f6270bb01', 1335471836, 1335471855, 0),
(64, 'andryraul7', 'e0ac08ae0cb6947330d3731689ef26fa', 1335488761, 1335488776, 0),
(65, 'widyaputra', 'd46510dce3bcbb3944a898dfb39cefac', 1335490125, 1335490142, 0),
(66, 'Willy_W', '3b6de83cf28949a23d755ddccc0f230f', 1335491264, 1348825719, 0),
(67, 'felixes_jo', '99c9995db2c748b25dda4320dcc15451', 1335491331, 1335491448, 0),
(68, 'lohsharon', '69f1bc699f383a8a2a06a22cebf845b7', 1335491718, 1335491740, 0),
(69, 'Fudrin', 'd0862f1dbbca83dd12bf34f64b783f50', 1335492539, 1335492552, 0),
(70, 'gunz1188', 'b1ccddc4c7c4e7a13810163b89e2f33a', 1335493084, 0, 0),
(71, 'stephanie251293', '1a6a25d580e595694b3bf8ddad2748aa', 1335494948, 1349182640, 0),
(72, 'herputra', '8bc6a3d0ab44631614eb690388c6cc21', 1335495180, 1335495189, 0),
(73, 'fertanu1993', 'c5b36f747c6b17153cc182a9e9b89f13', 1335495291, 1335495302, 0),
(74, 'davin_wang', 'a1f9e41559ad1a0b3af386749b578d8d', 1335496319, 1351352787, 1),
(75, 'Jefri', '8544dc8e223233813cf8c352f411655a', 1335498001, 1335498015, 0),
(76, 'newtwox', 'd19524c3f58e90a88cffc5927c5495f2', 1335499947, 0, 0),
(77, 'ronaldsuki', '1dcdc384031dc2e1e90b141e4c8a3a80', 1335506606, 0, 0),
(78, 'Yudhistira', 'ac3f500785833adfeedae0c397834e44', 1335514058, 1335541482, 0),
(79, 'osmos3r', '4092daaaf938db22e3ee56e14ecd3a8e', 1335519485, 1349004490, 0),
(80, 'thunder', '5c7686c0284e0875b26de99c1008e998', 1335521258, 1351694576, 0),
(81, 'Julie', '279642391a28ba0877a567a61fd28887', 1335525225, 1349100039, 0),
(82, 'Andita', 'd431a699f690df3152d0b3c7a06927ad', 1335527787, 1337681307, 0),
(83, 'Jasmiandy', '9d194808cf9d26d3801a684a327fa05c', 1335535520, 1348986183, 1),
(84, 'hadi', '1eb03fdef652095eb20668ecf9ee6ab5', 1335537417, 1350664035, 0),
(85, 'vend10', '23f474aef895fa9f10b9e5bb5ab804d5', 1335538118, 1351360006, 0),
(86, 'erwin_tk09', 'fdefcb90fb6f117937831e729108cc80', 1335538188, 1335538203, 0),
(87, 'michaelteddy', '6b087fb3e841c8cee73e78a904880703', 1335538231, 0, 0),
(88, 'w3ls3n', '49b2aa4cd2e5661884d9499c7ac76587', 1335538290, 1351335151, 0),
(89, 'vinsonte', 'c6b2658a8677fc91a3228bf77bbb7f54', 1335538500, 1348841521, 0),
(90, 'fendysetiawan', 'a9d2822105ad644bb0df7c66db450b1b', 1335538751, 1337604616, 0),
(91, 'ameliapanca', '0e18db42d55b6f2854ce400520eb377b', 1335538853, 1348827608, 0),
(92, 'danielsikku', '9c70933aff6b2a6d08c687a6cbb6b765', 1335539460, 1335539472, 0),
(93, 'jefrilyo', 'bb6b13f6b56e9103df69b59578fa4ed5', 1335539512, 0, 0),
(94, 'marvello_oni', 'dc865cb3cf011beba6578c568b47885b', 1335539630, 0, 0),
(95, 'jeffry_aditya', 'f5aa79bc81633ae727238e9505e2aeb5', 1335539649, 0, 0),
(96, 'Haryanto', 'c8d1693d0f349f223c324b3eca55d8b3', 1335539926, 1351357900, 0),
(97, 'Juandi', '9ebc1ec89ef66f57c50816814b3c0280', 1335540172, 1335540442, 0),
(98, 'Hugo09', '68383671d52380221a0157c5cc3193fd', 1335540177, 1335540206, 0),
(99, 'vck', '5d2dd8674c23e995a05c59e53687241b', 1335540656, 1335540673, 0),
(100, 'hunt3rkillua', 'b14306e95432c4eef2c58ab2e5735b93', 1335541121, 1335541140, 0),
(101, 'rosi', 'ee441d03654be82f4618241c407fe8af', 1335541244, 1335541256, 0),
(102, 'andise', '89f82b7f729edf4678fd9129385d4713', 1335541723, 1335541797, 0),
(103, 'Sevenr', '7a3cb01224bb39a8be0b2f77f26f8f50', 1335541733, 0, 0),
(104, 'Pjx', 'dcbfb69934ad48f0716543e93b817d80', 1335541773, 1335541786, 0),
(105, 'tommyharyoko', '661cca927d74bafa8f00978a0a5d0b5e', 1335541875, 1335669486, 0),
(106, 'andrecuandramesin08', 'fff8b58af11a39cd1e408b0d5fb7e2c8', 1335542427, 1348841293, 0),
(107, 'AlbertWiryawan09', '53dd9c6005f3cdfc5a69c5c07388016d', 1335543296, 1349195072, 0),
(108, 'pomto', '0c697272e03e136c54135581e7762d16', 1335544834, 0, 0),
(109, 'muse', '1cdbaac64cd6236ff25fdbdb79560006', 1335545598, 1335545614, 0),
(110, 'chxndrx', 'f064117efe90d714fc5c709830ff129d', 1335545951, 1335545988, 0),
(111, 'youhanPF', '1b341bebaaaa908acba5d4ae4621dbda', 1335547068, 1335547082, 0),
(112, 'mery', 'cabf0b09776f0b9b0b858c34dccf159e', 1335547188, 1335547369, 0),
(113, 'ssens', '50e8baafb63cbfb92e0016bf40cd57ed', 1335549078, 1348827560, 0),
(114, 'victor', 'c5d5410e7f14ba184b44f51bf3aaa691', 1335549118, 1337616437, 0),
(115, 'chandra_muliawan', '0a51017197fa070f040bd0f843a396db', 1335549233, 1348930004, 0),
(116, 'ShirleyXiao', '70676f6da2770cf25e114eb6eadd345f', 1335550628, 0, 0),
(117, 'susi', 'a25ebbd442ce15be24c6b92c8e885d61', 1335550837, 1335550858, 0),
(118, 'stephanie_teteph', '3bc7b88ca71a9ef798d09b2a5383fc3d', 1335551214, 1335551374, 0),
(119, 'yena_setiawan', 'a95cc507be1cbc8bc24610106ad1753e', 1335552151, 1335552166, 0),
(120, 'fermul', 'b274709c10fbc796a4acdb66625c5cd2', 1335570868, 0, 0),
(121, 'tonkosh', '8a5e3555c0cab63705d3c96dfea70ecf', 1335572590, 1349606578, 0),
(122, 'chenthureins', 'cc198b3d81e4d4fe63bc59d961641a4d', 1335572852, 1335572866, 0),
(123, 'hennysusanty', 'e80487c793db00749278911e388701bc', 1335573079, 1348907995, 0),
(124, 'James', '4af09080574089cbece43db636e2025f', 1335574084, 0, 0),
(125, 'vinzzz', 'd6fad03300b045c2a6eb4f25e0048677', 1335579973, 1335579992, 0),
(126, 'darwinif08', '321582d2a2059a9b2ea06fde78aa008f', 1335581406, 0, 0),
(127, 'fungsidik', '1c5442c0461e5186126aaba26edd6857', 1335582572, 1335582589, 0),
(128, 'Hendra', '7291947329b2f74fd79c6d752c7b3ffd', 1335583411, 0, 0),
(129, 'ellys_lim', '15496a7b7d18a059c2b2eb33685b22d9', 1335583560, 0, 0),
(130, 'osellasimen', 'fef057d8868c6f0409c472f2bad72328', 1335583586, 1335583602, 0),
(131, 'fredynilam', '04246ef4da8c2508fbdf25b0efd84521', 1335583679, 1335583686, 0),
(132, 'toni_liawan', 'c3581516868fb3b71746931cac66390e', 1335584793, 0, 0),
(133, 'yurika_johan', '877fb9c2ed4ce8c530da3ff2dd215d15', 1335594991, 1348929248, 1),
(134, 'vickiardiansah', 'ac91cfb585c11930594d8f6ac44d3150', 1335601266, 1335601284, 0),
(135, 'senkesuma', '36388794be2cf5f298978498ff3c64a2', 1335604331, 1335604392, 0),
(136, 'Woen2502', 'bc2451eeafbac1ae95ec7343d07f068b', 1335609660, 1335609676, 0),
(137, 'novianahussen', '94b918fe725562aeb755433e203e1fb1', 1335610052, 1349113331, 0),
(138, 'EfendiGunawan', 'b6c4a644ad5b2fb3aee8acb93a3b60a0', 1335617273, 0, 0),
(139, 'habe', '1f02ce88aa1c8bc893b00838e2c20329', 1335678705, 1348840867, 0),
(140, 'yen_eche', '7eaa272f4bbe0ac489f4a6019177a843', 1335700778, 1335700791, 0),
(141, 'Ferry', '21803f6b11ab54b212a4c7ee6aa56aa3', 1336224543, 1336224553, 0),
(142, 'Michael_freddy', '56f59c53fe6db8f1d04d799fab02b121', 1346468809, 0, 0),
(143, 'lukmantirto', 'a4e69a5d387187f5c89d32ec4c645b3f', 1346468961, 0, 0),
(144, 'KevinCangjaya', '614b9d403a3a4aa648ffc88535de784a', 1346469090, 1351488481, 0),
(145, 'MaykelGautama', 'a0ccdc5d3d1fc0c8e9301d7d63d3e265', 1346469300, 0, 0),
(146, 'indriangelia', '37d350faf5efe559ac1d65964b1767cb', 1346469397, 0, 0),
(147, 'albert', 'a2e50a53514a95ff05cda0293c44ffc1', 1346469599, 0, 0),
(148, 'aryo898', '690a37222630122e9b11b8ace0239c61', 1346469709, 0, 0),
(149, 'darwin_tio', '0b970399291a5d4d1a28ae0332e870a6', 1346469776, 1351337687, 1),
(150, 'thedysalim', 'b4dcdebebf5c87db97e5c6b8b1efc88e', 1346469841, 0, 0),
(151, 'melvinfonda', '1541e6412f2232d102b506010bbb3f2a', 1346469864, 1351335126, 0),
(152, 'luciana', '7abb9db061494a7a32a30856e5cf63aa', 1346469997, 0, 0),
(153, 'Tepanyakigo', 'a849517dbce9aef06e07a4fb997b578e', 1346470002, 0, 0),
(154, 'feniliatamaratika', '09881cdf719a86259247327395f44e93', 1346470112, 0, 0),
(155, 'chenlontoh', '76f6109368c503a15343e9ed03918994', 1346470141, 1350828556, 0),
(156, 'Jefery', 'a79853030792faa1be839bb3049264dc', 1346470289, 0, 0),
(157, 'vionitaaw', '2ebe429df1dd983fdbf00d95efa8f1db', 1346470304, 0, 0),
(158, 'elicealdora', '132c2062587eca507daf13722247fa8e', 1346470411, 1351322725, 0),
(159, 'deviana', '510722cc664a3fe29f259b8867e18d1c', 1346470527, 0, 0),
(160, 'cherienw', '4fc16005f6e7b5bb0892300f74b977c5', 1346470545, 1351327718, 0),
(161, 'stvnt', '7106ad9e68f98c647994669b1239821d', 1346470671, 0, 0),
(162, 'leowijaya', '231c3bf772a2c083edcc0abe147fe911', 1346470812, 0, 0),
(163, 'RioDP', '5d93ceb70e2bf5daa84ec3d0cd2c731a', 1346470825, 0, 0),
(164, 'Irvanferdian', '32b12a1f0d9b2c16e1c44c3e64b431ef', 1346470992, 0, 0),
(165, 'julius745', 'a1345291738a93ee90d4db846d27dc74', 1346471074, 1349709710, 0),
(166, 'bymkevin', 'a87ee18db83aee8bae947458b039b46e', 1346471099, 0, 0),
(167, 'anthonykwo', 'aa92d934ad42294ae49c9da4e8a38399', 1346471167, 1351322101, 0),
(168, 'stevenlieym', '1bea3a3d4bc3be1149a75b33fb8d82bc', 1346471294, 0, 0),
(169, 'damian_dion_salam', 'db61974e25b822bde67be541897d5294', 1346471339, 0, 0),
(170, 'jimjam_widata', 'a8e2605c02e7947f2bebf7162716ff83', 1346471444, 0, 0),
(171, 'melvinwinata', '25c7f251069fc15ce6d081e3bdbed47a', 1346471510, 0, 0),
(172, 'wirianto1994', '1665519df638f09d0610de6985fbdc33', 1346471595, 0, 0),
(173, 'kentjordan', '3661312c4f72d5e45a5e13ff1dc66fb7', 1346471676, 0, 0),
(174, 'AthaliaJesslynWijaya', '878e15017f6341ef3fa0553f239a7dc0', 1346471724, 0, 0),
(175, 'rivaldi1994', '38f2bc2ca0f5f33dae1d338093a750c0', 1346471811, 0, 0),
(176, 'Adriandi', 'b83c56ad2189f3e4e2be3c269d62434c', 1346471868, 1350406245, 0),
(177, 'vivian', '944626adf9e3b76a3919b50dc0b080a4', 1346471949, 0, 0),
(178, 'mariohartono', 'c9799c674dea1fb4c3ff0d8fa6d18fd7', 1346472044, 0, 0),
(179, 'thomas_gunardi', '2d4a5cc1b3b377711248052a76bbbbd4', 1346472252, 0, 0),
(180, 'profmartz', '131e6c2c26654bd365efadb44bf7f36d', 1346472325, 0, 0),
(181, 'kevinsanjaya', 'd1909449b5a6b5b275919a9512c8e7ef', 1346472448, 1351693922, 0),
(182, 'ifanmurdiyadi', '272436015ad9a1afadb56dc734075e8d', 1346472618, 0, 0),
(183, 'Chandra_Dewi', '1b059ef1cdcda6e88a765191041a9ad6', 1346472678, 0, 0),
(184, 'kendrick', '5c84e7990b42a1a3cb7edfc364f823d4', 1346472712, 0, 0),
(185, 'andre', 'c3498087065cfd9f5af789f6f1e836da', 1346472800, 0, 0),
(186, 'Kevinyu', '0ed3105c05ff75f7dc7f336b3579f9b7', 1346472878, 0, 0),
(187, 'opel_howard', '39f53fc1fd22f151bc42f19f35c3ed5d', 1346472935, 0, 0),
(188, 'teyooon', '9d3a77ff316d79739d6bf832a683346c', 1346473016, 0, 0),
(189, 'rudlycorwin', '76f3cf6f821d87ec3f0302868d84d808', 1346473068, 0, 0),
(190, 'FelixWuisana', 'd8d6996532fa8c61beec94356738e1d4', 1346473161, 1349183553, 0),
(191, 'widisuganda', '6da013d653a1c5991f3e14e2088eb8d9', 1346473208, 1351334056, 0),
(192, 'winaldi', 'a62d59d9f7a0794eb9caa26b6c1ceb95', 1346473242, 0, 0),
(193, 'Winner', '2f2536a7d124de56df9e98e18c2b5c75', 1346473378, 0, 0),
(194, 'Eddyanto', '0bddf88372c33ff3e6c3103ce474ff75', 1346473394, 0, 0),
(195, 'Lmtricky', '87c84f8a44f5edddab06fde0a21e9f1a', 1346473477, 0, 0),
(196, 'andyjohnson', 'cecac8ea4962e6619cafc35f0377e995', 1346473484, 0, 0),
(197, 'Robert', '80b9215aa8d1ac51dbbcc997808e0707', 1346473586, 0, 0),
(198, 'waxrain', '1a992d26819757182e5c173030189f5b', 1346473623, 0, 0),
(199, 'andreysima', '4a28d56149961f418c4c6083a65182e4', 1346473699, 1349323508, 0),
(200, 'wiragotama', 'f9b6da798e11d174e3c0919fed181fc5', 1346473704, 1351517497, 0),
(201, 'stephendj', 'c016b0ff68c710bc4de7f28d67a6c720', 1346473822, 0, 0),
(202, 'eric2861994', 'a9e5011484c92e003c52fb1bb7db845f', 1346473828, 0, 0),
(203, 'rey_andreson', '20c9afd83068372aeb7310898e7ea220', 1346473913, 0, 0),
(204, 'winsxx', '5163eb973b9954177beffc52fabadc52', 1346473958, 0, 0),
(205, 'elvirasari', 'ce075e6374e78eaf90c445f5d99203c8', 1346474077, 0, 0),
(206, 'lisamarsella', '46f319116c2aac23e706468ec8bfcff9', 1346474166, 0, 0),
(207, 'kevinzhong', '2fadfecbb08b9cfa2ee6a261de7a9647', 1346474191, 0, 0),
(208, 'CandraHarja', '11db2bec1315a7b3b4f6fb61e114cd22', 1346474291, 0, 0),
(209, 'kelvin', 'abe10f7e5afbbb3a79ce619739541149', 1346474318, 0, 0),
(210, 'AA_fred', '84c8cf5edbe2b12960b54a3703d0e82f', 1346474436, 1351222653, 0),
(211, 'calvin_sadewa', 'c29cd3e2611ba237cdb92a5972110518', 1346474638, 0, 0),
(212, 'hanli_wijaya', '1597b2f580e51b10d5cfb66594e45a36', 1346474650, 0, 0),
(213, 'triani', 'bff75017e5068285271431ea1f5c75d8', 1346474778, 0, 0),
(214, 'Robbyanto', 'b1a4a73481fa529bc0e029478cfe0941', 1346474848, 1350316328, 0),
(215, 'clairinechrestella', '115dab2377a5402be344735d08e22810', 1346474902, 0, 0),
(216, 'siskatrine', '4d0c993690c0325dabdde7093a81dbe3', 1346475051, 0, 0),
(217, 'jordi_lokanata', '3f424d9b718c773068debb66042bf50c', 1346475378, 1351323775, 0),
(218, 'ferdyanto_chandra', 'a4f2862fc3ca436e0068930f68365b81', 1346475409, 1351320919, 0),
(219, 'Radite', '07924c4d248f11003be4d567329ba682', 1346476339, 0, 0),
(220, 'rifx', '03acfbfecb17e31ad1ab5945d59c94a5', 1346476383, 1348932428, 0),
(221, 'Yohandi', '9e6c79e2fdceba9e1cdc17ad78922cc4', 1346476512, 0, 0),
(222, 'victorhalim', '1a7016b5f428d3dadc7fd3b77db8047b', 1346476812, 0, 0),
(223, 'Prasetio_W', '9a1d1215adbd5cc7b96754b71f2626e1', 1346477004, 1351340911, 0),
(224, 'Pedrick', '32621b8f8747d17b6461654d79892bc8', 1346477027, 0, 0),
(225, 'Eric161009', '00a87e91f48db67f034b31d0ca44f43f', 1346477189, 0, 0),
(226, 'anderson', 'aafb6955ddd4f789b34253175b4746e4', 1346478424, 0, 0),
(227, 'mochiemon', '2c4cccb783dbde474cd9dce5ef95eeda', 1346478855, 1351318221, 0),
(228, 'KaitO95', '30347ff78554790df5f907f19ba3fbb4', 1346479238, 0, 0),
(229, 'HeryantoMardi', 'a409ebda8e8cf64900c3f05d40c86954', 1346481126, 1351343894, 0),
(230, 'wahyuni', 'ae90de8ae00e195ec57f1125cc57c309', 1346481188, 0, 0),
(231, 'yongky', '3fbf9963962b12c67466dd9e38b543ba', 1346482079, 0, 0),
(232, 'Tommy', '0d3d68d5ecb8ca41537f315074662aee', 1346483083, 0, 0),
(233, 'kolipoki', '815e7988226033bc27ccd70989618f0a', 1346484032, 1348826789, 0),
(234, 'starofster', 'd678c34ca5217e4fa6b79cad48cd2726', 1346485136, 1351349465, 0),
(235, 'zigma9114', 'e3d0c3510f3bf9b8f006e4764b176d54', 1346485391, 1352119393, 0),
(236, 'susantigojali', '8ce385891442aafcc84e0cf96686219e', 1346486618, 0, 0),
(237, 'taniasunaryo', 'cc5132e2c95e11cf92f1219571c0a2d9', 1347455611, 0, 0),
(238, 'setiawan', 'e85c3574e66a9be6cc14240743ba353a', 1347874952, 1348883628, 0),
(239, 'raditeviriya', '48cfbf4b7018763680aa2e347f5c56ca', 1348794861, 1348827495, 0),
(240, 'sanatariya', '92d6325f8e9c5f737298595bc33a5acf', 1348806937, 1352717933, 0),
(241, 'woenwely', 'bc2451eeafbac1ae95ec7343d07f068b', 1348807676, 1348835011, 0),
(242, 'nurviasary', '1ca7bd8c3e610601ef1c0cdca641d6ef', 1348831884, 1348831898, 0),
(243, 'christanto', 'd139aee4093cea2b859663935246787b', 1348832643, 1348832677, 0),
(244, 'Triani_herlina', 'bff75017e5068285271431ea1f5c75d8', 1348835795, 0, 0),
(245, 'catherine', 'f9ed0084434417a31a359fb1aea37098', 1348842287, 1349188730, 0),
(246, 'donny018', 'bb9ed90d20f7e3eb0b41081c1b37c0cf', 1348842489, 1348842499, 0),
(247, 'lanidiana', '69a1c31a0ca49f02e4892ab3a50427fa', 1348844892, 1349348380, 0),
(249, 'Jimmy', '93c3dc34908b9e83c71369b0f68aadd7', 1349010678, 1349010704, 0),
(250, 'JeffsPal', '9af0b164dae7badf11862159418a04ab', 1349013323, 0, 0),
(251, 'Edwin', '2b5a1747c2847224adf84a7f10ade084', 1349049104, 1349049225, 0),
(252, 'EdwinWise', '63872cf49ebfcd8a7e336d151da902bd', 1349088132, 1349233294, 0),
(253, 'sugizhuang', '695f212958d6f5bf36d431cb2a3494a9', 1349098744, 1351316970, 0),
(254, 'katrinesiska', '4d0c993690c0325dabdde7093a81dbe3', 1349135594, 1351357755, 0),
(255, 'anglomanz', '7d7c1e9910df24b129d501770deb5644', 1349191375, 1349191402, 0),
(256, 'jms', '9c61ad6ce408d7c6fbf2fc5d0d4949ee', 1350546516, 1350546532, 0),
(257, 'ateg', 'fd8d21613f360288830d5a2e22c218dd', 1351335497, 1351335518, 0),
(258, 'Shirly', '2185a4c652d4e78027c3b263157bc69c', 1351352810, 0, 0),
(259, 'nanie14', 'fcdebeb9273dceaba3cb5a53710d9aec', 1351403387, 1351403466, 0),
(260, 'SusanAddyantina', 'b36f10ffeb3e9d5835f10d668d1ef420', 1351500640, 0, 0),
(261, 'Nelly', '941f4f6f123b28ec19d72523a3cb45aa', 1351500762, 1351500797, 0),
(262, 'jangkawijaya', '4dbf17d127c7acd54b25276782a48041', 1351520153, 1351520191, 0);

/*!40101 SET CHARACTER_SET_CLIENT=@OLD_CHARACTER_SET_CLIENT */;
/*!40101 SET CHARACTER_SET_RESULTS=@OLD_CHARACTER_SET_RESULTS */;
/*!40101 SET COLLATION_CONNECTION=@OLD_COLLATION_CONNECTION */;
